,latitude,longitude,time_bp
apicalis,-22.946433,118.864421,-27670
apicalis,-22.946433,118.864421,-16280
apicalis,-22.946433,118.864421,-13978
apicalis,-22.946433,118.864421,-13270
apicalis,-30.33333333,139.3333333,-11950
apicalis,-22.946433,118.864421,-11750
apicalis,-30.96666667,139.3333333,-10900
apicalis,-30.96666667,139.3333333,-10870
apicalis,-30.33333333,139.3333333,-10870
apicalis,-30.33333333,139.3333333,-10850
apicalis,-30.96666667,139.3333333,-10630
apicalis,-30.33333333,139.3333333,-10550
apicalis,-22.946433,118.864421,-10500
apicalis,-22.946433,118.864421,-10443
apicalis,-22.946433,118.864421,-9545
apicalis,-30.33333333,139.3333333,-9473
apicalis,-30.96666667,139.3333333,-9420
apicalis,-22.946433,118.864421,-9250
apicalis,-30.96666667,139.3333333,-9060
apicalis,-30.33333333,139.3333333,-8820
apicalis,-22.946433,118.864421,-8735
apicalis,-31.35,138.55,-7720
apicalis,-31.35,138.55,-7400
apicalis,-31.35,138.55,-7310
apicalis,-30.96666667,139.3333333,-7260
apicalis,-30.33333333,139.3333333,-7200
apicalis,-31.35,138.55,-6930
apicalis,-31.35,138.55,-6920
apicalis,-31.35,138.55,-6880
apicalis,-31.35,138.55,-6800
apicalis,-31.35,138.55,-6710
apicalis,-31.35,138.55,-6650
apicalis,-31.35,138.55,-6610
apicalis,-31.35,138.55,-6580
apicalis,-31.35,138.55,-6520
apicalis,-31.06666667,142.5666667,-6520
apicalis,-30.33333333,139.3333333,-6472
apicalis,-31.06666667,142.5666667,-6470
apicalis,-30.33333333,139.3333333,-6380
apicalis,-31.06666667,142.5666667,-6360
apicalis,-31.06666667,142.5666667,-6360
apicalis,-31.35,138.55,-6290
apicalis,-31.35,138.55,-5790
apicalis,-31.06666667,142.5666667,-5710
apicalis,-31.35,138.55,-5690
apicalis,-30.33333333,139.3333333,-5540
apicalis,-30.96666667,139.3333333,-5340
apicalis,-31.06666667,142.5666667,-5340
apicalis,-31.06666667,142.5666667,-5240
apicalis,-31.35,138.55,-5020
apicalis,-22.946433,118.864421,-4715
apicalis,-22.946433,118.864421,-4605
apicalis,-30.06666667,142.5666667,-4350
apicalis,-31.35,138.55,-3790
apicalis,-31.35,138.55,-3690
apicalis,-30.06666667,142.5666667,-3670
apicalis,-31.35,138.55,-3640
apicalis,-31.35,138.55,-3570
apicalis,-24.31666667,131.6833333,-3500
apicalis,-25.83,134.1983333,-3450
apicalis,-26.15833333,127.9133333,-3430
apicalis,-31.06666667,142.5666667,-3430
apicalis,-25.83,134.1983333,-3350
apicalis,-25.83,134.1983333,-3330
apicalis,-22.946433,118.864421,-3315
apicalis,-25.83,134.1983333,-3310
apicalis,-24.43333333,132.2,-3090
apicalis,-22.946433,118.864421,-3065
apicalis,-31.06666667,142.5666667,-3040
apicalis,-31.06666667,142.5666667,-2960
apicalis,-31.35,138.55,-2950
apicalis,-24,133,-2780
apicalis,-31.16666667,142.6,-2680
apicalis,-23.45,134.7,-2500
apicalis,-31.35,138.55,-2430
apicalis,-30.06666667,142.5666667,-2430
apicalis,-23.5,134.5,-2400
apicalis,-25.83,134.1983333,-2380
apicalis,-25.83,134.1983333,-2330
apicalis,-25.83,134.1983333,-2280
apicalis,-22.946433,118.864421,-2222
apicalis,-28.41972222,122.9769444,-1950
apicalis,-30.33333333,139.3333333,-1920
apicalis,-31.16666667,142.6,-1840
apicalis,-27.88555556,134.3172222,-1820
apicalis,-25.83,134.1983333,-1720
apicalis,-24.31666667,131.6833333,-1700
apicalis,-24,133,-1660
apicalis,-27.88555556,134.3172222,-1610
apicalis,-31.39471,138.85616,-1600
apicalis,-27.88555556,134.3172222,-1540
apicalis,-27.88555556,134.3172222,-1530
apicalis,-30.5,119.6666667,-1480
apicalis,-25.83,134.1983333,-1470
apicalis,-27.88555556,134.3172222,-1430
apicalis,-31.06666667,142.5666667,-1380
apicalis,-25.83,134.1983333,-1310
apicalis,-30.33333333,139.3333333,-1300
apicalis,-31.06666667,142.5666667,-1300
apicalis,-30.96666667,139.3333333,-1280
apicalis,-25.05,124.9833333,-1150
apicalis,-25.83,134.1983333,-1150
apicalis,-25.83,134.1983333,-1140
apicalis,-27.88555556,134.3172222,-1130
apicalis,-27.88555556,134.3172222,-1120
apicalis,-30.33333333,139.3333333,-1000
apicalis,-31.06666667,142.5666667,-1000
apicalis,-24.43333333,132.2,-988
apicalis,-31.39471,138.85616,-961
apicalis,-27.88555556,134.3172222,-940
apicalis,-25.05,124.9833333,-900
apicalis,-25.05,124.9833333,-900
apicalis,-30.06666667,142.5666667,-880
apicalis,-30.06666667,142.5666667,-880
apicalis,-23.45,134.7,-835
apicalis,-25.05,124.9833333,-800
apicalis,-30.86666667,142.6,-780
apicalis,-30.06666667,142.5666667,-770
apicalis,-24.43333333,132.2,-756
apicalis,-25.05,124.9833333,-710
apicalis,-27.88555556,134.3172222,-700
apicalis,-30.33333333,139.3333333,-630
apicalis,-30.06666667,142.5666667,-620
apicalis,-25.83,134.1983333,-610
apicalis,-23.45,134.7,-606
apicalis,-30.32888889,123.2672222,-590
apicalis,-30.96666667,139.3333333,-590
apicalis,-30.06666667,142.5666667,-590
apicalis,-30.06666667,142.5666667,-560
apicalis,-24.43333333,132.2,-552
apicalis,-30.32888889,123.2672222,-530
apicalis,-31.16666667,142.6,-530
apicalis,-25.83,134.1983333,-510
apicalis,-27.88555556,134.3172222,-510
apicalis,-31.16666667,142.6,-510
apicalis,-30.96666667,139.3333333,-470
apicalis,-30.06666667,142.5666667,-470
apicalis,-31.06666667,142.5666667,-460
apicalis,-30.06666667,142.5666667,-450
apicalis,-23.45,134.7,-433
apicalis,-26.95305556,133.4986111,-430
apicalis,-31.16666667,142.6,-420
apicalis,-30.32888889,123.2672222,-410
apicalis,-25.83,134.1983333,-410
apicalis,-30.96666667,139.3333333,-410
apicalis,-30.96666667,139.3333333,-385
apicalis,-30.86666667,142.6,-380
apicalis,-24.43333333,132.2,-360
apicalis,-25.83,134.1983333,-360
apicalis,-25.83,134.1983333,-360
apicalis,-30.5,119.6666667,-340
apicalis,-30.32888889,123.2672222,-340
apicalis,-25.83,134.1983333,-310
apicalis,-31.16666667,142.6,-310
apicalis,-25.05,124.9833333,-300
apicalis,-25.83,134.1983333,-300
apicalis,-31.16666667,142.6,-280
apicalis,-31.16666667,142.6,-270
apicalis,-25.83,134.1983333,-250
apicalis,-30.96666667,139.3333333,-230
apicalis,-31.16666667,142.6,-220
apicalis,-25.83,134.1983333,-200
apicalis,-25.83,134.1983333,-170
apicalis,-25.83,134.1983333,-101
apicalis,-25.83,134.1983333,-100
apicalis,-23.45,134.7,-100
apicalis,-23.45,134.7,-100
apicalis,-30.06666667,142.5666667,-100
apicalis,-30.32888889,123.2672222,-80
apicalis,-25.83,134.1983333,-80
apicalis,-28.41972222,122.9769444,-20
apicalis,-34.183342,142.166664,-500
apicalis,-34.16667,142.183326,-500
apicalis,-33.43334,136.16666,-500
apicalis,-32.2166702,125.8833259,-500
apicalis,-32.10000006,126.183333,-500
apicalis,-32.06667452,126.0333288,-500
apicalis,-32.05000319,126.0333274,-500
apicalis,-31.98334121,127.0333288,-500
apicalis,-31.96667317,127.0333246,-500
apicalis,-31.96666992,125.9166659,-500
apicalis,-31.85000768,126.7333263,-500
apicalis,-31.83333477,127.7166606,-500
apicalis,-31.7750053,127.7999944,-500
apicalis,-31.76666971,127.7999964,-500
apicalis,-31.76666971,127.7999964,-500
apicalis,-31.7166736,128.483332,-500
apicalis,-31.70000088,128.4833295,-500
apicalis,-31.68334153,129.0333302,-500
apicalis,-31.68334081,127.7166612,-500
apicalis,-31.66667334,128.4833242,-500
apicalis,-31.65000094,127.4333262,-500
apicalis,-31.65000094,127.4333262,-500
apicalis,-31.65000053,128.483332,-500
apicalis,-31.58333914,127.0166605,-500
apicalis,-31.53333749,129.099999,-500
apicalis,-31.50000367,129.9166599,-500
apicalis,-31.43333719,127.1833304,-500
apicalis,-31.06667499,128.7499897,-500
apicalis,-30.96667,139.283329,-500
apicalis,-30.86667,132.166661,-500
apicalis,-30.583334,138.366661,-500
apicalis,-30.3606,119.7053,-500
apicalis,-30.0853,115.0914,-500
apicalis,-29.817,115.133,-500
apicalis,-29.7717,117.3814,-500
apicalis,-29.6817,118.2878,-500
apicalis,-29.6147,118.1147,-500
apicalis,-29.5775,117.2589,-500
apicalis,-29.5661,117.3844,-500
apicalis,-29.555665,124.592288,-500
apicalis,-29.5133,121.6314,-500
apicalis,-29.3761,119.3719,-500
apicalis,-29.333475,124.740483,-500
apicalis,-29.331603,124.578989,-500
apicalis,-29.218396,124.52208,-500
apicalis,-29.2,116.767,-500
apicalis,-29.178021,124.481407,-500
apicalis,-29.176756,124.479105,-500
apicalis,-29.131335,124.639333,-500
apicalis,-29.090078,124.602681,-500
apicalis,-29.087849,124.602512,-500
apicalis,-29.087664,124.619761,-500
apicalis,-29.083,115.583,-500
apicalis,-29.0583,117.3278,-500
apicalis,-28.7344,116.9583,-500
apicalis,-28.280593,122.706531,-500
apicalis,-28.1333,117.1847,-500
apicalis,-28.1169,115.6197,-500
apicalis,-28.0942,115.6589,-500
apicalis,-27.621919,126.155233,-500
apicalis,-27.367,116.433,-500
apicalis,-27.235,126.44278,-500
apicalis,-27.215277,126.468055,-500
apicalis,-27.159,126.432,-500
apicalis,-27.060558,126.374272,-500
apicalis,-27.06015,126.362217,-500
apicalis,-26.917,117.7,-500
apicalis,-26.904491,124.468431,-500
apicalis,-26.89358142,129.9329243,-500
apicalis,-26.834645,125.654977,-500
apicalis,-26.76583,124.36652,-500
apicalis,-26.70000585,126.4499984,-500
apicalis,-26.695833,126.451388,-500
apicalis,-26.693055,126.454166,-500
apicalis,-26.61667286,130.6666632,-500
apicalis,-26.60000359,125.8666652,-500
apicalis,-26.6,113.683,-500
apicalis,-26.598354,125.855984,-500
apicalis,-26.595833,125.8625,-500
apicalis,-26.51667509,126.033327,-500
apicalis,-26.515,126.029,-500
apicalis,-26.413,121.054,-500
apicalis,-26.4,113.3,-500
apicalis,-26.3542,113.8814,-500
apicalis,-26.333,118.35,-500
apicalis,-26.3275,113.8758,-500
apicalis,-26.3267,113.875,-500
apicalis,-26.325,113.8739,-500
apicalis,-26.3078,113.8633,-500
apicalis,-26.3061,113.8614,-500
apicalis,-26.23905,113.76692,-500
apicalis,-26.23372,113.74819,-500
apicalis,-26.2111,113.3731,-500
apicalis,-26.19272,113.68575,-500
apicalis,-26.0406,113.8933,-500
apicalis,-26.00364,113.56638,-500
apicalis,-25.9836,113.9128,-500
apicalis,-25.983,114.283,-500
apicalis,-25.98,133.9,-500
apicalis,-25.96,133.86,-500
apicalis,-25.783,113.667,-500
apicalis,-25.76666838,125.9333311,-500
apicalis,-25.7556,113.6583,-500
apicalis,-25.75506,113.65933,-500
apicalis,-25.72533,113.41336,-500
apicalis,-25.6431,113.5847,-500
apicalis,-25.6406,113.5772,-500
apicalis,-25.426,124.429,-500
apicalis,-25.3542,115.1439,-500
apicalis,-25.35,131.03,-500
apicalis,-25.35,131.03,-500
apicalis,-25.35,131.03,-500
apicalis,-25.35,131.03,-500
apicalis,-25.071,117.765,-500
apicalis,-25.043,124.976,-500
apicalis,-24.7633,115.355,-500
apicalis,-24.56,135.75,-500
apicalis,-24.1156,113.4331,-500
apicalis,-24.033,119.6,-500
apicalis,-24.03,133.41,-500
apicalis,-23.85,137.16,-500
apicalis,-23.83,137.18,-500
apicalis,-23.83,131.31,-500
apicalis,-23.8,130.83,-500
apicalis,-23.74,133.97,-500
apicalis,-23.7,134.8,-500
apicalis,-23.66,134.33,-500
apicalis,-23.64,133.89,-500
apicalis,-23.63,134.43,-500
apicalis,-23.56,135.01,-500
apicalis,-23.55,117.617,-500
apicalis,-23.44,134.73,-500
apicalis,-23.1094,113.808,-500
apicalis,-22.78,135.08,-500
apicalis,-22.35,134.88,-500
apicalis,-22.217,114,-500
apicalis,-22.2,113.983,-500
apicalis,-22.183,113.983,-500
apicalis,-22.133,114,-500
apicalis,-22.017,114.033,-500
apicalis,-22,137.25,-500
apicalis,-22,137.25,-500
apicalis,-22,137.32,-500
apicalis,-21.9969,114.0958,-500
apicalis,-28.1261,120.3017,-500
conditor,-28.1261,120.3017,-300
conditor,-27.8325,114.1083,-300
conditor,-21.9969,114.0958,-300
conditor,-23.1094,113.808,-300
conditor,-23.117,113.8,-300
conditor,-24.0997,113.4319,-300
conditor,-24.1156,113.4331,-300
conditor,-24.117,113.433,-300
conditor,-24.1192,113.4347,-300
conditor,-24.1317,113.4367,-300
conditor,-24.135,113.4408,-300
conditor,-25.6431,113.5847,-300
conditor,-25.72533,113.41336,-300
conditor,-25.75,112.95,-300
conditor,-25.75258,113.65692,-300
conditor,-25.75506,113.65933,-300
conditor,-25.7556,113.6583,-300
conditor,-25.783,113.667,-300
conditor,-25.967,113.1,-300
conditor,-25.967,113.1,-300
conditor,-25.983,114.283,-300
conditor,-25.983,114.283,-300
conditor,-26.00364,113.56638,-300
conditor,-26.0406,113.8933,-300
conditor,-26.16727,113.663,-300
conditor,-26.22203,113.69586,-300
conditor,-26.22886,113.73486,-300
conditor,-26.23372,113.74819,-300
conditor,-26.23905,113.76692,-300
conditor,-26.2433,113.7828,-300
conditor,-26.4,113.3,-300
conditor,-26.6,113.683,-300
conditor,-26.917,117.7,-300
conditor,-27.8422,114.1064,-300
conditor,-27.96668,134.16666,-300
conditor,-28.0942,115.6589,-300
conditor,-28.1169,115.6197,-300
conditor,-28.117,115.617,-300
conditor,-28.117,120.3,-300
conditor,-28.1333,117.1847,-300
conditor,-28.28059,122.70653,-300
conditor,-28.5,137,-300
conditor,-29.017,118.317,-300
conditor,-29.367,119.367,-300
conditor,-29.3761,119.3719,-300
conditor,-29.38954,138.78248,-300
conditor,-29.5133,121.6314,-300
conditor,-29.517,121.633,-300
conditor,-29.6147,118.1147,-300
conditor,-29.75001,129.25,-300
conditor,-29.817,115.133,-300
conditor,-30.0853,115.0914,-300
conditor,-30.17411,139.27307,-300
conditor,-30.25,131.24999,-300
conditor,-30.25889,138.37563,-300
conditor,-30.45,131.66666,-300
conditor,-30.45,131.66666,-300
conditor,-30.45,131.66666,-300
conditor,-30.46667,131.66667,-300
conditor,-30.483,128.667,-300
conditor,-30.48334,128.66666,-300
conditor,-30.55,138.41667,-300
conditor,-30.55001,130.96666,-300
conditor,-30.58334,131.24999,-300
conditor,-30.58334,131.24999,-300
conditor,-30.58334,131.24999,-300
conditor,-30.58334,131.24999,-300
conditor,-30.9,121.317,-300
conditor,-30.96667,127.06666,-300
conditor,-30.96667,139.28333,-300
conditor,-31.03333,126.79999,-300
conditor,-31.06667,125.33333,-300
conditor,-31.06667,128.74999,-300
conditor,-31.10499,138.90347,-300
conditor,-31.16667,127.95,-300
conditor,-31.25,128.48333,-300
conditor,-31.4,129.83333,-300
conditor,-31.40001,128.58333,-300
conditor,-31.43334,127.18333,-300
conditor,-31.43334,127.86666,-300
conditor,-31.5,129.91666,-300
conditor,-31.53334,129.1,-300
conditor,-31.56667,127.23333,-300
conditor,-31.65,128.48333,-300
conditor,-31.65,127.43333,-300
conditor,-31.65,127.43333,-300
conditor,-31.66667,128.48332,-300
conditor,-31.66667,127.23333,-300
conditor,-31.68334,127.71666,-300
conditor,-31.68334,129.03333,-300
conditor,-31.7,128.48333,-300
conditor,-31.71667,128.48333,-300
conditor,-31.71667,127.23333,-300
conditor,-31.75001,127.01666,-300
conditor,-31.76667,127.8,-300
conditor,-31.76667,127.8,-300
conditor,-31.77501,127.79999,-300
conditor,-31.83333,127.71666,-300
conditor,-31.85001,126.73333,-300
conditor,-31.96667,125.91667,-300
conditor,-31.96667,127.03332,-300
conditor,-31.98334,125.86666,-300
conditor,-31.98334,126.49999,-300
conditor,-31.98334,127.03333,-300
conditor,-32.03334,126.18332,-300
conditor,-32.05,126.03333,-300
conditor,-32.06667,126.03333,-300
conditor,-32.21667,125.88333,-300
conditor,-32.45,133.66666,-300
conditor,-32.45,133.66666,-300
conditor,-32.45,133.66666,-300
conditor,-32.45001,133.64999,-300
conditor,-32.66667,142.33332,-300
conditor,-33.95,141.94999,-300
conditor,-33.95,141.94999,-300
conditor,-33.95,141.94999,-300
conditor,-34.51667,136.26666,-300
midden,-30.5,119.6666667,-1480
midden,-30.5,119.6666667,-340
midden,-28.41972222,122.9769444,-1950
midden,-28.41972222,122.9769444,-20
midden,-30.32888889,123.2672222,-590
midden,-30.32888889,123.2672222,-530
midden,-30.32888889,123.2672222,-410
midden,-30.32888889,123.2672222,-340
midden,-30.32888889,123.2672222,-80
midden,-25.05,124.9833333,-1150
midden,-25.05,124.9833333,-900
midden,-25.05,124.9833333,-900
midden,-25.05,124.9833333,-800
midden,-25.05,124.9833333,-710
midden,-25.05,124.9833333,-300
midden,-26.15833333,127.9133333,-3430
midden,-24.31666667,131.6833333,-3500
midden,-24.31666667,131.6833333,-1700
midden,-24.43333333,132.2,-3090
midden,-24.43333333,132.2,-988
midden,-24.43333333,132.2,-756
midden,-24.43333333,132.2,-552
midden,-24.43333333,132.2,-360
midden,-24,133,-2780
midden,-24,133,-1660
midden,-26.95305556,133.4986111,-430
midden,-25.83,134.1983333,-3450
midden,-25.83,134.1983333,-3350
midden,-25.83,134.1983333,-3330
midden,-25.83,134.1983333,-3310
midden,-25.83,134.1983333,-2380
midden,-25.83,134.1983333,-2330
midden,-25.83,134.1983333,-2280
midden,-25.83,134.1983333,-1720
midden,-25.83,134.1983333,-1470
midden,-25.83,134.1983333,-1310
midden,-25.83,134.1983333,-1150
midden,-25.83,134.1983333,-1140
midden,-25.83,134.1983333,-610
midden,-25.83,134.1983333,-510
midden,-25.83,134.1983333,-410
midden,-25.83,134.1983333,-360
midden,-25.83,134.1983333,-360
midden,-25.83,134.1983333,-310
midden,-25.83,134.1983333,-300
midden,-25.83,134.1983333,-250
midden,-25.83,134.1983333,-200
midden,-25.83,134.1983333,-170
midden,-25.83,134.1983333,-101
midden,-25.83,134.1983333,-100
midden,-25.83,134.1983333,-80
midden,-27.88555556,134.3172222,-1820
midden,-27.88555556,134.3172222,-1610
midden,-27.88555556,134.3172222,-1540
midden,-27.88555556,134.3172222,-1530
midden,-27.88555556,134.3172222,-1430
midden,-27.88555556,134.3172222,-1130
midden,-27.88555556,134.3172222,-1120
midden,-27.88555556,134.3172222,-940
midden,-27.88555556,134.3172222,-700
midden,-27.88555556,134.3172222,-510
midden,-23.5,134.5,-2400
midden,-23.45,134.7,-2500
midden,-23.45,134.7,-835
midden,-23.45,134.7,-606
midden,-23.45,134.7,-433
midden,-23.45,134.7,-100
midden,-23.45,134.7,-100
midden,-31.35,138.55,-7720
midden,-31.35,138.55,-7400
midden,-31.35,138.55,-7310
midden,-31.35,138.55,-6930
midden,-31.35,138.55,-6920
midden,-31.35,138.55,-6880
midden,-31.35,138.55,-6800
midden,-31.35,138.55,-6710
midden,-31.35,138.55,-6650
midden,-31.35,138.55,-6610
midden,-31.35,138.55,-6580
midden,-31.35,138.55,-6520
midden,-31.35,138.55,-6290
midden,-31.35,138.55,-5790
midden,-31.35,138.55,-5690
midden,-31.35,138.55,-5020
midden,-31.35,138.55,-3790
midden,-31.35,138.55,-3690
midden,-31.35,138.55,-3640
midden,-31.35,138.55,-3570
midden,-31.35,138.55,-2950
midden,-31.35,138.55,-2430
midden,-31.39471,138.85616,-1600
midden,-31.39471,138.85616,-961
midden,-30.96666667,139.3333333,-10900
midden,-30.96666667,139.3333333,-10870
midden,-30.96666667,139.3333333,-10630
midden,-30.96666667,139.3333333,-9420
midden,-30.96666667,139.3333333,-9060
midden,-30.96666667,139.3333333,-7260
midden,-30.96666667,139.3333333,-5340
midden,-30.96666667,139.3333333,-1280
midden,-30.96666667,139.3333333,-590
midden,-30.96666667,139.3333333,-470
midden,-30.96666667,139.3333333,-410
midden,-30.96666667,139.3333333,-385
midden,-30.96666667,139.3333333,-230
midden,-30.33333333,139.3333333,-11950
midden,-30.33333333,139.3333333,-10870
midden,-30.33333333,139.3333333,-10850
midden,-30.33333333,139.3333333,-10550
midden,-30.33333333,139.3333333,-9473
midden,-30.33333333,139.3333333,-8820
midden,-30.33333333,139.3333333,-7200
midden,-30.33333333,139.3333333,-6472
midden,-30.33333333,139.3333333,-6380
midden,-30.33333333,139.3333333,-5540
midden,-30.33333333,139.3333333,-1920
midden,-30.33333333,139.3333333,-1300
midden,-30.33333333,139.3333333,-1000
midden,-30.33333333,139.3333333,-630
midden,-31.06666667,142.5666667,-6520
midden,-31.06666667,142.5666667,-6470
midden,-31.06666667,142.5666667,-6360
midden,-31.06666667,142.5666667,-6360
midden,-31.06666667,142.5666667,-5710
midden,-31.06666667,142.5666667,-5340
midden,-31.06666667,142.5666667,-5240
midden,-31.06666667,142.5666667,-3430
midden,-31.06666667,142.5666667,-3040
midden,-31.06666667,142.5666667,-2960
midden,-31.06666667,142.5666667,-1380
midden,-31.06666667,142.5666667,-1300
midden,-31.06666667,142.5666667,-1000
midden,-31.06666667,142.5666667,-460
midden,-30.06666667,142.5666667,-4350
midden,-30.06666667,142.5666667,-3670
midden,-30.06666667,142.5666667,-2430
midden,-30.06666667,142.5666667,-880
midden,-30.06666667,142.5666667,-880
midden,-30.06666667,142.5666667,-770
midden,-30.06666667,142.5666667,-620
midden,-30.06666667,142.5666667,-590
midden,-30.06666667,142.5666667,-560
midden,-30.06666667,142.5666667,-470
midden,-30.06666667,142.5666667,-450
midden,-30.06666667,142.5666667,-100
midden,-31.16666667,142.6,-2680
midden,-31.16666667,142.6,-1840
midden,-31.16666667,142.6,-530
midden,-31.16666667,142.6,-510
midden,-31.16666667,142.6,-420
midden,-31.16666667,142.6,-310
midden,-31.16666667,142.6,-280
midden,-31.16666667,142.6,-270
midden,-31.16666667,142.6,-220
midden,-30.86666667,142.6,-780
midden,-30.86666667,142.6,-380
midden,-22.946433,118.864421,-4605
midden,-22.946433,118.864421,-13270
midden,-22.946433,118.864421,-4715
midden,-22.946433,118.864421,-2222
midden,-22.946433,118.864421,-3315
midden,-22.946433,118.864421,-3065
midden,-22.946433,118.864421,-10500
midden,-22.946433,118.864421,-27670
midden,-22.946433,118.864421,-10443
midden,-22.946433,118.864421,-11750
midden,-22.946433,118.864421,-8735
midden,-22.946433,118.864421,-9250
midden,-22.946433,118.864421,-16280
midden,-22.946433,118.864421,-13978
midden,-22.946433,118.864421,-9545
apicalis,-34.79017,143.1263,-22
apicalis,-34.2485,142.33463,-94
apicalis,-34.2485,142.33463,-94
apicalis,-34.79017,143.1263,-22
apicalis,-34.2485,142.33463,-94
apicalis,-34.2485,142.33463,-94
apicalis,-34.2485,142.33463,-94
apicalis,-34.12,141.92,-93
apicalis,-34.12,141.92,-93
apicalis,-34.12,141.92,-93
apicalis,-34.12,141.92,-93
apicalis,-34.12,141.92,-93
apicalis,-34.12,141.92,-93
apicalis,-34.12,141.92,-93
apicalis,-34.12,141.92,-93
apicalis,-34.12,141.92,-93
apicalis,-34.12,141.92,-93
apicalis,-34.12,141.92,-93
apicalis,-34.18,142.15,-93
apicalis,-34.18,142.15,-93
apicalis,-34.12,141.92,-93
apicalis,-34.18,142.15,-93
apicalis,-34.18,142.15,-93
apicalis,-34.12,141.92,-93
apicalis,-34.12,141.92,-93
apicalis,-34.18,142.15,-93
apicalis,-34.12,141.92,-93
apicalis,-34.12,141.92,-93
apicalis,-34.12,141.92,-93
apicalis,-34.12,141.92,-93
apicalis,-34.18,142.15,-93
apicalis,-26.65,130.8167,-17
apicalis,-26.65,130.8167,-17
apicalis,-34.16679,142.18333,-93
conditor,-34.2485,142.33463,-94
conditor,-30.55,130.966,-29
conditor,-30.55,130.966,-29
conditor,-30.45,131.683,-29
conditor,-30.45,131.683,-29
conditor,-32.45,133.666,-28
conditor,-30.55,130.966,-27
conditor,-30.45,131.683,-29
conditor,-30.45,131.683,-29
conditor,-30.45,131.683,-29
conditor,-32.45,133.666,-28
conditor,-30.45,131.666,-29
conditor,-30.45,131.683,-29
conditor,-30.45,131.683,-29
conditor,-32.45,133.67,-27
conditor,-34.12,141.92,-93
conditor,-34.18,142.15,-93
conditor,-34.12,141.92,-93
conditor,-34.18,142.15,-93
conditor,-34.12,141.92,-93
conditor,-34.12,141.92,-93
conditor,-28.5,137,-43
conditor,-28.5,137,-43
conditor,-28.5,137,-43
conditor,-28.5,137,-43
conditor,-28.5,137,-43
conditor,-28.5,137,-43
conditor,-28.5,137,-43
conditor,-28.5,137,-43
conditor,-30.58345,131.25,-26
conditor,-33.95012,141.95,-93
conditor,-33.95012,141.95,-93
conditor,-30.46678,131.66668,-28
conditor,-32.66679,142.33333,-106
conditor,-30.25011,131.25,-29
conditor,-30.58345,131.25,-20
conditor,-28.5001,137,-43
conditor,-30.58345,131.25,-20
conditor,-30.45011,131.66667,-22
conditor,-30.58345,131.25,-28
conditor,-30.45011,131.66667,-29
conditor,-30.55011,130.96667,-29
conditor,-33.95012,141.95,-93
conditor,-32.45012,133.66666,-28
conditor,-32.45012,133.66666,-29
conditor,-32.45012,133.66666,-28
conditor,-34.098499,141.917962,-93
conditor,-30.413406,141.730081,-106
conditor,-31.948486,141.467945,-67
conditor,-33.948154,141.959047,-93
conditor,-33.339714,142.398256,-106
conditor,-34.175676,142.23287,-93
unknown,-31.18344,141.49999,-30
unknown,-37.83347,140.78333,-27
unknown,-31.01678,125.33334,-30
unknown,-31.50011,138.74999,-60
unknown,-26.18343,127.43332,-77
unknown,-32.15011,138.91665,-27
unknown,-32.66679,142.33333,-106
unknown,-26.4501,130.45,-47
