specificEpithet,Latitude,Longitude,time_bp,basisOfRecord,individualCount,sex,preparations,year,country,stateProvince,locality,verbatimLocality,geodeticDatum
apicalis,-34.79017,143.1263,-22,HUMAN_OBSERVATION,1,,,1928,Australia,Victoria,5' BLOCK CONTAINING KOORKAB,,EPSG:4326
apicalis,-34.2485,142.33463,-94,HUMAN_OBSERVATION,1,,,1856,Australia,New South Wales,Bottle bend,,EPSG:4326
apicalis,-34.2485,142.33463,-94,HUMAN_OBSERVATION,1,,,1856,Australia,New South Wales,Bottle bend,,EPSG:4326
apicalis,-34.79017,143.1263,-22,HUMAN_OBSERVATION,3,,,1928,Australia,Victoria,5' BLOCK CONTAINING KOORKAB,,EPSG:4326
apicalis,-34.2485,142.33463,-94,HUMAN_OBSERVATION,3,,,1856,Australia,New South Wales,Bottle bend,,EPSG:4326
apicalis,-34.2485,142.33463,-94,HUMAN_OBSERVATION,13,,,1856,Australia,New South Wales,Bottle bend,,EPSG:4326
apicalis,-34.2485,142.33463,-94,HUMAN_OBSERVATION,5,,,1856,Australia,New South Wales,Bottle bend,,EPSG:4326
apicalis,-34.12,141.92,-93,PRESERVED_SPECIMEN,1,,Dry | Skull,1857,Australia,Victoria,Murray and Darling Rivers junction,Murray and Darling Rivers junction,EPSG:4326
apicalis,-34.12,141.92,-93,PRESERVED_SPECIMEN,1,,Dry | Skin,1857,Australia,Victoria,Murray and Darling Rivers junction,Murray and Darling Rivers junction,EPSG:4326
apicalis,-34.12,141.92,-93,PRESERVED_SPECIMEN,1,,Dry | Skin,1857,Australia,Victoria,Murray and Darling Rivers junction,Murray and Darling Rivers junction,EPSG:4326
apicalis,-34.12,141.92,-93,PRESERVED_SPECIMEN,1,,Dry | Skin,1857,Australia,Victoria,Murray and Darling Rivers junction,Murray and Darling Rivers junction,EPSG:4326
apicalis,-34.12,141.92,-93,PRESERVED_SPECIMEN,1,,Dry | Skin,1857,Australia,Victoria,Murray and Darling Rivers junction,Murray and Darling Rivers junction,EPSG:4326
apicalis,-34.12,141.92,-93,PRESERVED_SPECIMEN,1,MALE,Dry | Mount,1857,Australia,Victoria,Murray and Darling Rivers junction,Murray and Darling Rivers junction,EPSG:4326
apicalis,-34.12,141.92,-93,PRESERVED_SPECIMEN,1,,Dry | Skin,1857,Australia,Victoria,Murray and Darling Rivers junction,Murray and Darling Rivers junction,EPSG:4326
apicalis,-34.12,141.92,-93,PRESERVED_SPECIMEN,1,,Dry | Skin,1857,Australia,Victoria,Murray and Darling Rivers junction,Murray and Darling Rivers junction,EPSG:4326
apicalis,-34.12,141.92,-93,PRESERVED_SPECIMEN,1,,Dry | Skin,1857,Australia,Victoria,Murray and Darling Rivers junction,Murray and Darling Rivers junction,EPSG:4326
apicalis,-34.12,141.92,-93,PRESERVED_SPECIMEN,1,,Dry | Skin,1857,Australia,Victoria,Murray and Darling Rivers junction,Murray and Darling Rivers junction,EPSG:4326
apicalis,-34.12,141.92,-93,PRESERVED_SPECIMEN,1,,Dry | Skin,1857,Australia,Victoria,Murray and Darling Rivers junction,Murray and Darling Rivers junction,EPSG:4326
apicalis,-34.18,142.15,-93,PRESERVED_SPECIMEN,1,,Dry | Skin,1857,Australia,Victoria,Murray and Darling Rivers junction,Murray and Darling Rivers junction,EPSG:4326
apicalis,-34.18,142.15,-93,PRESERVED_SPECIMEN,1,,Dry | Skin,1857,Australia,Victoria,Murray and Darling Rivers junction,Murray and Darling Rivers junction,EPSG:4326
apicalis,-34.12,141.92,-93,PRESERVED_SPECIMEN,1,,Dry | Skin,1857,Australia,Victoria,Murray and Darling Rivers junction,Murray and Darling Rivers junction,EPSG:4326
apicalis,-34.18,142.15,-93,PRESERVED_SPECIMEN,1,MALE,Dry | Skin,1857,Australia,Victoria,Murray and Darling Rivers junction,Murray and Darling Rivers junction,EPSG:4326
apicalis,-34.18,142.15,-93,PRESERVED_SPECIMEN,1,FEMALE,Dry | Skin,1857,Australia,Victoria,Murray and Darling Rivers junction,Murray and Darling Rivers junction,EPSG:4326
apicalis,-34.12,141.92,-93,PRESERVED_SPECIMEN,1,,"Dry | Skin, skull",1857,Australia,Victoria,Murray and Darling Rivers junction,Murray and Darling Rivers junction,EPSG:4326
apicalis,-34.12,141.92,-93,PRESERVED_SPECIMEN,1,FEMALE,Dry | Mount,1857,Australia,Victoria,Murray and Darling Rivers junction,Murray and Darling Rivers junction,EPSG:4326
apicalis,-34.18,142.15,-93,PRESERVED_SPECIMEN,1,,Dry | Skin,1857,Australia,Victoria,Murray and Darling Rivers junction,Murray and Darling Rivers junction,EPSG:4326
apicalis,-34.12,141.92,-93,PRESERVED_SPECIMEN,1,,Dry | Skin,1857,Australia,Victoria,Murray and Darling Rivers junction,Murray and Darling Rivers junction,EPSG:4326
apicalis,-34.12,141.92,-93,PRESERVED_SPECIMEN,1,,Dry | Skin,1857,Australia,Victoria,Murray and Darling Rivers junction,Murray and Darling Rivers junction,EPSG:4326
apicalis,-34.12,141.92,-93,PRESERVED_SPECIMEN,1,,Dry | Skin,1857,Australia,Victoria,Murray and Darling Rivers junction,Murray and Darling Rivers junction,EPSG:4326
apicalis,-34.12,141.92,-93,PRESERVED_SPECIMEN,1,,Dry | Skull,1857,Australia,Victoria,Murray and Darling Rivers junction,Murray and Darling Rivers junction,EPSG:4326
apicalis,-34.18,142.15,-93,PRESERVED_SPECIMEN,1,,Dry | Mount,1857,Australia,Victoria,Murray and Darling Rivers junction,Murray and Darling Rivers junction,EPSG:4326
apicalis,-26.65,130.8167,-17,PRESERVED_SPECIMEN,,,SC,1933,Australia,South Australia,,Mount Crombie | W of Mount Crombie,EPSG:4326
apicalis,-26.65,130.8167,-17,PRESERVED_SPECIMEN,,,W,1933,Australia,South Australia,,Mount Crombie | W of Mount Crombie,EPSG:4326
apicalis,-34.16679,142.18333,-93,HUMAN_OBSERVATION,,,,1857,Australia,New South Wales,,,EPSG:4326
conditor,-34.2485,142.33463,-94,HUMAN_OBSERVATION,,,,1856,Australia,New South Wales,Bottle bend,,EPSG:4326
conditor,-30.55,130.966,-29,PRESERVED_SPECIMEN,,FEMALE,,1921,Australia,South Australia,,FISHER TRANS AUST RAILWAY,EPSG:4326
conditor,-30.55,130.966,-29,PRESERVED_SPECIMEN,,,,1921,Australia,South Australia,,FISHER E W LINE,EPSG:4326
conditor,-30.45,131.683,-29,PRESERVED_SPECIMEN,,FEMALE,,1921,Australia,South Australia,,9 MLS WEST OF OOLDEA TRANS LINE,EPSG:4326
conditor,-30.45,131.683,-29,PRESERVED_SPECIMEN,,MALE,,1921,Australia,South Australia,,9 MLS WEST OF OOLDEA TRANS LINE,EPSG:4326
conditor,-32.45,133.666,-28,PRESERVED_SPECIMEN,,MALE,,1922,Australia,South Australia,,Franklins Island Nuyts Archipelago.,EPSG:4326
conditor,-30.55,130.966,-27,PRESERVED_SPECIMEN,,,,1923,Australia,South Australia,,Fisher Nullarbor Plain.,EPSG:4326
conditor,-30.45,131.683,-29,PRESERVED_SPECIMEN,,MALE,,1921,Australia,South Australia,,9 mls W of Ooldea Trans Line.,EPSG:4326
conditor,-30.45,131.683,-29,PRESERVED_SPECIMEN,,MALE,,1921,Australia,South Australia,,9 MLS WEST OF OOLDEA TRANS LINE,EPSG:4326
conditor,-30.45,131.683,-29,PRESERVED_SPECIMEN,,MALE,,1921,Australia,South Australia,,9 MLS WEST OF OOLDEA TRANS LINE,EPSG:4326
conditor,-32.45,133.666,-28,PRESERVED_SPECIMEN,,FEMALE,,1922,Australia,South Australia,,Franklin's Id Nuyts Archipelago.,EPSG:4326
conditor,-30.45,131.666,-29,PRESERVED_SPECIMEN,,MALE,,1921,Australia,South Australia,,9 mls W of Ooldea Trans-Aust. Line.,EPSG:4326
conditor,-30.45,131.683,-29,PRESERVED_SPECIMEN,,MALE,,1921,Australia,South Australia,,9 mls W of Ooldea Trans Line.,EPSG:4326
conditor,-30.45,131.683,-29,PRESERVED_SPECIMEN,,FEMALE,,1921,Australia,South Australia,,9 mls W of Ooldea Trans Line.,EPSG:4326
conditor,-32.45,133.67,-27,PRESERVED_SPECIMEN,1,,Spirit | Wet | ethanol 70%,1923,Australia,South Australia,Franklin Island,Franklin Island,EPSG:4326
conditor,-34.12,141.92,-93,PRESERVED_SPECIMEN,1,,Dry | Skin,1857,Australia,Victoria,Murray and Darling Rivers junction area,Murray and Darling Rivers junction area,EPSG:4326
conditor,-34.18,142.15,-93,PRESERVED_SPECIMEN,1,FEMALE,Dry | Mount,1857,Australia,Victoria,Murray and Darling Rivers junction,Murray and Darling Rivers junction,EPSG:4326
conditor,-34.12,141.92,-93,PRESERVED_SPECIMEN,1,,Dry | Mount,1857,Australia,Victoria,Murray and Darling Rivers junction area,Murray and Darling Rivers junction area,EPSG:4326
conditor,-34.18,142.15,-93,PRESERVED_SPECIMEN,1,MALE,Dry | Mount,1857,Australia,Victoria,Murray and Darling Rivers junction,Murray and Darling Rivers junction,EPSG:4326
conditor,-34.12,141.92,-93,PRESERVED_SPECIMEN,1,,Dry | Mount,1857,Australia,Victoria,Murray and Darling Rivers junction area,Murray and Darling Rivers junction area,EPSG:4326
conditor,-34.12,141.92,-93,PRESERVED_SPECIMEN,1,,Dry | Skin,1857,Australia,Victoria,Murray and Darling Rivers junction area,Murray and Darling Rivers junction area,EPSG:4326
conditor,-28.5,137,-43,PRESERVED_SPECIMEN,,,W,1907,Australia,South Australia,,Lake Eyre | Immediate vicinity of western shore of Lake Eyre,EPSG:4326
conditor,-28.5,137,-43,PRESERVED_SPECIMEN,,,W,1907,Australia,South Australia,,Lake Eyre | Immediate vicinity of western shore of Lake Eyre,EPSG:4326
conditor,-28.5,137,-43,PRESERVED_SPECIMEN,,,CW,1907,Australia,South Australia,,Lake Eyre | Immediate vicinity of western shore of Lake Eyre,EPSG:4326
conditor,-28.5,137,-43,PRESERVED_SPECIMEN,,,CW,1907,Australia,South Australia,,Lake Eyre | Immediate vicinity of western shore of Lake Eyre,EPSG:4326
conditor,-28.5,137,-43,PRESERVED_SPECIMEN,,,W,1907,Australia,South Australia,,Lake Eyre | Immediate vicinity of western shore of Lake Eyre,EPSG:4326
conditor,-28.5,137,-43,PRESERVED_SPECIMEN,,,W,1907,Australia,South Australia,,Lake Eyre | Immediate vicinity of western shore of Lake Eyre,EPSG:4326
conditor,-28.5,137,-43,PRESERVED_SPECIMEN,,,CW,1907,Australia,South Australia,,Lake Eyre | Immediate vicinity of western shore of Lake Eyre,EPSG:4326
conditor,-28.5,137,-43,PRESERVED_SPECIMEN,,,W,1907,Australia,South Australia,,Lake Eyre | Immediate vicinity of western shore of Lake Eyre,EPSG:4326
conditor,-30.58345,131.25,-26,HUMAN_OBSERVATION,,,,1924,Australia,South Australia,Nullarbor (RR),Nullarbor (RR),EPSG:4326
conditor,-33.95012,141.95,-93,HUMAN_OBSERVATION,,,,1857,Australia,New South Wales,,,EPSG:4326
conditor,-33.95012,141.95,-93,HUMAN_OBSERVATION,,,,1857,Australia,New South Wales,,,EPSG:4326
conditor,-30.46678,131.66668,-28,HUMAN_OBSERVATION,,,,1922,Australia,South Australia,,,EPSG:4326
conditor,-32.66679,142.33333,-106,HUMAN_OBSERVATION,,,,1844,Australia,New South Wales,,,EPSG:4326
conditor,-30.25011,131.25,-29,HUMAN_OBSERVATION,,,,1921,Australia,South Australia,,,EPSG:4326
conditor,-30.58345,131.25,-20,HUMAN_OBSERVATION,,,,1930,Australia,South Australia,Nullarbor (RR),Nullarbor (RR),EPSG:4326
conditor,-28.5001,137,-43,HUMAN_OBSERVATION,,,,1907,Australia,South Australia,Kati Thanda-Lake Eyre (NP),Kati Thanda-Lake Eyre (NP),EPSG:4326
conditor,-30.58345,131.25,-20,HUMAN_OBSERVATION,,,,1930,Australia,South Australia,Nullarbor (RR),Nullarbor (RR),EPSG:4326
conditor,-30.45011,131.66667,-22,HUMAN_OBSERVATION,,,,1928,Australia,South Australia,,,EPSG:4326
conditor,-30.58345,131.25,-28,HUMAN_OBSERVATION,,,,1922,Australia,South Australia,Nullarbor (RR),Nullarbor (RR),EPSG:4326
conditor,-30.45011,131.66667,-29,HUMAN_OBSERVATION,,,,1921,Australia,South Australia,,,EPSG:4326
conditor,-30.55011,130.96667,-29,HUMAN_OBSERVATION,,,,1921,Australia,South Australia,,,EPSG:4326
conditor,-33.95012,141.95,-93,HUMAN_OBSERVATION,,,,1857,Australia,New South Wales,,,EPSG:4326
conditor,-32.45012,133.66666,-28,HUMAN_OBSERVATION,,,,1922,Australia,South Australia,Nuyts Archipelago (WA),Nuyts Archipelago (WA),EPSG:4326
conditor,-32.45012,133.66666,-29,HUMAN_OBSERVATION,,,,1921,Australia,South Australia,Nuyts Archipelago (WA),Nuyts Archipelago (WA),EPSG:4326
conditor,-32.45012,133.66666,-28,HUMAN_OBSERVATION,,,,1922,Australia,South Australia,Nuyts Archipelago (WA),Nuyts Archipelago (WA),EPSG:4326
conditor,-34.098499,141.917962,-93,HUMAN_OBSERVATION,,,,1857,Australia,New South Wales,locality withheld,,EPSG:4326
conditor,-30.413406,141.730081,-106,HUMAN_OBSERVATION,,,,1844,Australia,New South Wales,locality withheld,,EPSG:4326
conditor,-31.948486,141.467945,-67,HUMAN_OBSERVATION,,,,1883,Australia,New South Wales,locality withheld,,EPSG:4326
conditor,-33.948154,141.959047,-93,HUMAN_OBSERVATION,,,,1857,Australia,New South Wales,locality withheld,,EPSG:4326
conditor,-33.339714,142.398256,-106,PRESERVED_SPECIMEN,,,,1844,Australia,New South Wales,locality withheld,,EPSG:4326
conditor,-34.175676,142.23287,-93,HUMAN_OBSERVATION,,,,1857,Australia,New South Wales,locality withheld,,EPSG:4326
unknown,-31.18344,141.49999,-30,HUMAN_OBSERVATION,,,,1920,Australia,New South Wales,,,EPSG:4326
unknown,-37.83347,140.78333,-27,HUMAN_OBSERVATION,,,,1923,Australia,South Australia,,,EPSG:4326
unknown,-31.01678,125.33334,-30,HUMAN_OBSERVATION,,,,1920,Australia,Western Australia,,,EPSG:4326
unknown,-31.50011,138.74999,-60,HUMAN_OBSERVATION,,,,1890,Australia,South Australia,,,EPSG:4326
unknown,-26.18343,127.43332,-77,HUMAN_OBSERVATION,,,,1873,Australia,Western Australia,,,EPSG:4326
unknown,-32.15011,138.91665,-27,HUMAN_OBSERVATION,,,,1923,Australia,South Australia,,,EPSG:4326
unknown,-32.66679,142.33333,-106,HUMAN_OBSERVATION,,,,1844,Australia,New South Wales,,,EPSG:4326
unknown,-26.4501,130.45,-47,HUMAN_OBSERVATION,,,,1903,Australia,South Australia,,,EPSG:4326
