Identifier,Species,LONG,LAT
Baynes2002,Leporillus apicalis,113.3,-26.4
Baynes2002,Leporillus apicalis,113.4,-24.1
Baynes2002,Leporillus apicalis,113.6,-25.6
Baynes2002,Leporillus apicalis,113.7,-26.6
Baynes2002,Leporillus apicalis,113.8,-23.1
Baynes2002,Leporillus apicalis,114,-22.2
Baynes2002,Leporillus apicalis,114,-22.2
Baynes2002,Leporillus apicalis,114,-22.2
Baynes2002,Leporillus apicalis,114,-22.1
Baynes2002,Leporillus apicalis,114,-22
Baynes2002,Leporillus apicalis,114.3,-26
Baynes2002,Leporillus apicalis,115.2,-25.4
Baynes2002,Leporillus apicalis,115.3,-24.8
Baynes2002,Leporillus apicalis,115.6,-29.1
Baynes2002,Leporillus apicalis,115.6,-28.1
Baynes2002,Leporillus apicalis,116.3,-27.5
Baynes2002,Leporillus apicalis,116.8,-29.2
Baynes2002,Leporillus apicalis,117.2,-23.6
Baynes2002,Leporillus apicalis,117.2,-28.1
Baynes2002,Leporillus apicalis,117.2,-29.6
Baynes2002,Leporillus apicalis,117.7,-26.9
Baynes2002,Leporillus apicalis,117.8,-25.1
Baynes2002,Leporillus apicalis,117.8,-28.6
Baynes2002,Leporillus apicalis,117.9,-24
Baynes2002,Leporillus apicalis,119.4,-29.4
Baynes2002,Leporillus apicalis,119.4,-24
Baynes2002,Leporillus apicalis,119.9,-27
Baynes2002,Leporillus apicalis,120.3,-28.1
Baynes2002,Leporillus apicalis,120.5,-30.1
Baynes2002,Leporillus apicalis,121,-26.4
Baynes2002,Leporillus apicalis,121.6,-29.5
Baynes2002,Leporillus apicalis,122.8,-30.1
Baynes2002,Leporillus apicalis,124.4,-25.4
Baynes2002,Leporillus apicalis,125,-25
13235,Leporillus apicalis,125.9,-26.6
Baynes2002,Leporillus apicalis,125.9,-26.6
12678,Leporillus apicalis,125.9,-32.2
12738,Leporillus apicalis,125.9,-32
Baynes2002,Leporillus apicalis,125.9,-25.8
13233,Leporillus apicalis,125.9,-25.8
Baynes2002,Leporillus apicalis,126,-26.5
13234,Leporillus apicalis,126,-26.5
12788,Leporillus apicalis,126,-32.1
12713,Leporillus apicalis,126,-32.1
12715,Leporillus apicalis,126.2,-32.1
13236,Leporillus apicalis,126.4,-26.7
Baynes2002,Leporillus apicalis,126.4,-26.7
13237,Leporillus apicalis,126.5,-27.2
Baynes2002,Leporillus apicalis,126.5,-27.2
12725,Leporillus apicalis,126.7,-31.9
12723,Leporillus apicalis,127,-31.6
12727,Leporillus apicalis,127,-32
12785,Leporillus apicalis,127,-32
12747,Leporillus apicalis,127.2,-31.4
12695,Leporillus apicalis,127.4,-31.7
12721,Leporillus apicalis,127.4,-31.7
12718,Leporillus apicalis,127.7,-31.8
12750,Leporillus apicalis,127.7,-31.7
12768,Leporillus apicalis,127.8,-31.8
12716,Leporillus apicalis,127.8,-31.8
12781,Leporillus apicalis,127.8,-31.8
12743,Leporillus apicalis,128.5,-31.7
12755,Leporillus apicalis,128.5,-31.7
12753,Leporillus apicalis,128.5,-31.7
12783,Leporillus apicalis,128.5,-31.7
12762,Leporillus apicalis,128.7,-31.1
12759,Leporillus apicalis,129,-31.7
12757,Leporillus apicalis,129.1,-31.5
12644,Leporillus apicalis,129.9,-31.5
105480,Leporillus apicalis,129.9,-26.9
12700,Leporillus apicalis,130.7,-26.6
NPC NT 2002,Leporillus apicalis,130.8,-23.8
NPC NT 2002,Leporillus apicalis,131,-25.4
NPC NT 2002,Leporillus apicalis,131,-25.4
NPC NT 2002,Leporillus apicalis,131,-25.4
NPC NT 2002,Leporillus apicalis,131,-25.4
NPC NT 2002,Leporillus apicalis,131.3,-23.8
12674,Leporillus apicalis,132.2,-30.9
NPC NT 2002,Leporillus apicalis,133.4,-24
NPC NT 2002,Leporillus apicalis,133.9,-26
NPC NT 2002,Leporillus apicalis,133.9,-23.6
NPC NT 2002,Leporillus apicalis,133.9,-26
NPC NT 2002,Leporillus apicalis,134,-23.7
NPC NT 2002,Leporillus apicalis,134.3,-23.7
NPC NT 2002,Leporillus apicalis,134.4,-23.6
NPC NT 2002,Leporillus apicalis,134.7,-23.4
NPC NT 2002,Leporillus apicalis,134.8,-23.7
NPC NT 2002,Leporillus apicalis,134.9,-22.4
NPC NT 2002,Leporillus apicalis,135,-23.6
NPC NT 2002,Leporillus apicalis,135.1,-22.8
NPC NT 2002,Leporillus apicalis,135.8,-24.6
12684,Leporillus apicalis,136.2,-33.4
NPC NT 2002,Leporillus apicalis,137.2,-23.9
NPC NT 2002,Leporillus apicalis,137.2,-23.8
NPC NT 2002,Leporillus apicalis,137.2,-22
NPC NT 2002,Leporillus apicalis,137.2,-22
NPC NT 2002,Leporillus apicalis,137.3,-22
12661,Leporillus apicalis,138.4,-30.6
12659,Leporillus apicalis,139.3,-31
12688,Leporillus apicalis,142.2,-34.2
12575,Leporillus apicalis,142.2,-34.2
Baynes2002,Leporillus conditor,113,-25.8
Baynes2002,Leporillus conditor,113.1,-26
Baynes2002,Leporillus conditor,113.3,-26.4
Baynes2002,Leporillus conditor,113.4,-24.1
Baynes2002,Leporillus conditor,113.6,-25.6
Baynes2002,Leporillus conditor,113.7,-26.6
Baynes2002,Leporillus conditor,113.8,-23.1
Baynes2002,Leporillus conditor,114.1,-27.8
Baynes2002,Leporillus conditor,114.3,-26
Baynes2002,Leporillus conditor,115.6,-28.1
Baynes2002,Leporillus conditor,117.2,-28.1
Baynes2002,Leporillus conditor,117.7,-26.9
Baynes2002,Leporillus conditor,118.3,-29
Baynes2002,Leporillus conditor,119.4,-29.4
Baynes2002,Leporillus conditor,120.3,-28.1
Baynes2002,Leporillus conditor,121.3,-30.9
Baynes2002,Leporillus conditor,121.6,-29.5
12708,Leporillus conditor,125.3,-31.1
12787,Leporillus conditor,125.9,-32
12679,Leporillus conditor,125.9,-32.2
12739,Leporillus conditor,125.9,-32
12789,Leporillus conditor,126,-32.1
12714,Leporillus conditor,126,-32.1
12712,Leporillus conditor,126.2,-32
12740,Leporillus conditor,126.5,-32
12726,Leporillus conditor,126.7,-31.9
12720,Leporillus conditor,126.8,-31
12724,Leporillus conditor,127,-31.8
12728,Leporillus conditor,127,-32
12786,Leporillus conditor,127,-32
12742,Leporillus conditor,127.1,-31
12748,Leporillus conditor,127.2,-31.4
12765,Leporillus conditor,127.2,-31.7
12764,Leporillus conditor,127.2,-31.7
12741,Leporillus conditor,127.2,-31.6
12696,Leporillus conditor,127.4,-31.7
12722,Leporillus conditor,127.4,-31.7
12719,Leporillus conditor,127.7,-31.8
12751,Leporillus conditor,127.7,-31.7
12769,Leporillus conditor,127.8,-31.8
12717,Leporillus conditor,127.8,-31.8
12782,Leporillus conditor,127.8,-31.8
12745,Leporillus conditor,127.9,-31.4
12761,Leporillus conditor,127.9,-31.2
12744,Leporillus conditor,128.5,-31.7
12746,Leporillus conditor,128.5,-31.3
12756,Leporillus conditor,128.5,-31.7
12754,Leporillus conditor,128.5,-31.7
12784,Leporillus conditor,128.5,-31.7
12752,Leporillus conditor,128.6,-31.4
13238,Leporillus conditor,128.7,-30.5
Baynes2002,Leporillus conditor,128.7,-30.5
12763,Leporillus conditor,128.7,-31.1
12760,Leporillus conditor,129,-31.7
12758,Leporillus conditor,129.1,-31.5
12677,Leporillus conditor,129.2,-29.8
12646,Leporillus conditor,129.8,-31.4
12645,Leporillus conditor,129.9,-31.5
12767,Leporillus conditor,131,-30.6
12689,Leporillus conditor,131.2,-30.3
12692,Leporillus conditor,131.2,-30.6
12693,Leporillus conditor,131.2,-30.6
12699,Leporillus conditor,131.2,-30.6
12766,Leporillus conditor,131.2,-30.6
12690,Leporillus conditor,131.7,-30.5
12691,Leporillus conditor,131.7,-30.5
12736,Leporillus conditor,131.7,-30.5
12873,Leporillus conditor,131.7,-30.5
12655,Leporillus conditor,133.6,-32.5
12662,Leporillus conditor,133.7,-32.5
12663,Leporillus conditor,133.7,-32.5
12999,Leporillus conditor,133.7,-32.5
12568,Leporillus conditor,134.2,-28
12733,Leporillus conditor,136.3,-34.5
12657,Leporillus conditor,137,-28.5
18472,Leporillus conditor,138.4,-30.3
12660,Leporillus conditor,138.4,-30.6
18497,Leporillus conditor,138.8,-29.4
114484,Leporillus conditor,138.9,-31.1
114192,Leporillus conditor,139.3,-30.2
12658,Leporillus conditor,139.3,-31
12572,Leporillus conditor,141.9,-34
12573,Leporillus conditor,141.9,-34
12574,Leporillus conditor,141.9,-34
12576,Leporillus conditor,142.3,-32.7
Cole2000,Leporillus midden,134.3,-23.6
Cole2000,Leporillus midden,134.4,-23.3
Cole2000,Leporillus midden,137.3,-22
Cole2000,Leporillus midden,137.3,-22
Pearson2002,Leporillus sp.,0,0
M0236,Leporillus sp.,119.7,-30.5
MO1,Leporillus sp.,119.7,-30.5
PTA121A,Leporillus sp.,123,-28.4
PTA234b,Leporillus sp.,123,-28.4
QVA312,Leporillus sp.,123.3,-30.3
QVA464,Leporillus sp.,123.3,-30.3
QVB107,Leporillus sp.,123.3,-30.3
QVB37,Leporillus sp.,123.3,-30.3
QVB37,Leporillus sp.,123.3,-30.3
M0505,Leporillus sp.,125,-25
M05170b,Leporillus sp.,125,-25
M06,Leporillus sp.,125,-25
M0652,Leporillus sp.,125,-25
M07,Leporillus sp.,125,-25
M07,Leporillus sp.,125,-25
12622,Leporillus sp.,125,-25.1
12623,Leporillus sp.,125.1,-25.2
12624,Leporillus sp.,125.3,-25.6
12711,Leporillus sp.,125.3,-31
12628,Leporillus sp.,125.4,-27
12598,Leporillus sp.,125.5,-25.7
12625,Leporillus sp.,125.5,-25.2
12593,Leporillus sp.,125.5,-25.7
12673,Leporillus sp.,125.6,-25.1
12649,Leporillus sp.,125.6,-27.1
12629,Leporillus sp.,125.7,-26.9
12651,Leporillus sp.,125.7,-26.9
12595,Leporillus sp.,125.9,-26.6
12626,Leporillus sp.,125.9,-25.8
12681,Leporillus sp.,125.9,-26.8
12704,Leporillus sp.,126,-26.1
12596,Leporillus sp.,126,-26.5
12631,Leporillus sp.,126,-26.5
12650,Leporillus sp.,126.1,-28.3
12627,Leporillus sp.,126.2,-25.8
12632,Leporillus sp.,126.3,-27
12635,Leporillus sp.,126.4,-27.1
12597,Leporillus sp.,126.4,-26.8
12633,Leporillus sp.,126.4,-26.8
12648,Leporillus sp.,126.4,-27.1
12647,Leporillus sp.,126.4,-27.2
12636,Leporillus sp.,126.4,-26.8
12637,Leporillus sp.,126.5,-26.7
12634,Leporillus sp.,126.5,-27.2
12682,Leporillus sp.,126.5,-26.6
12630,Leporillus sp.,127.4,-25.8
12734,Leporillus sp.,127.4,-26.2
CAA04,Leporillus sp.,127.9,-26.2
12680,Leporillus sp.,129,-28.8
12602,Leporillus sp.,129.2,-28.9
12591,Leporillus sp.,129.4,-25.9
12605,Leporillus sp.,130,-31.4
12730,Leporillus sp.,130.4,-26.5
12606,Leporillus sp.,130.7,-31.3
12668,Leporillus sp.,130.7,-31.3
12669,Leporillus sp.,130.7,-31.2
12667,Leporillus sp.,130.9,-31.4
12672,Leporillus sp.,131,-31.2
12670,Leporillus sp.,131,-31.2
12665,Leporillus sp.,131.1,-31.3
12666,Leporillus sp.,131.4,-31
12671,Leporillus sp.,131.4,-31
Berry (1993),Leporillus sp.,131.7,-24.3
Berry (1993),Leporillus sp.,131.7,-24.3
FinkeA22,Leporillus sp.,132.2,-24.4
FinkeF4,Leporillus sp.,132.2,-24.4
FinkeG15,Leporillus sp.,132.2,-24.4
FinkeH19,Leporillus sp.,132.2,-24.4
FinkeI16,Leporillus sp.,132.2,-24.4
12600,Leporillus sp.,132.4,-27
"Nelson et al (1990) ,",Leporillus sp.,133,-24
"Nelson et al (1990) ,",Leporillus sp.,133,-24
12570,Leporillus sp.,133.2,-26.6
12617,Leporillus sp.,133.3,-26.6
12616,Leporillus sp.,133.4,-27
GRD12,Leporillus sp.,133.5,-27
12618,Leporillus sp.,133.5,-27
12620,Leporillus sp.,133.7,-27
12619,Leporillus sp.,133.8,-26
12588,Leporillus sp.,133.9,-25.8
12638,Leporillus sp.,133.9,-25.9
12639,Leporillus sp.,133.9,-25.9
12640,Leporillus sp.,134.1,-26
12697,Leporillus sp.,134.1,-28.2
12610,Leporillus sp.,134.2,-28
12609,Leporillus sp.,134.2,-28
USA127,Leporillus sp.,134.2,-25.8
USA131,Leporillus sp.,134.2,-25.8
USA16,Leporillus sp.,134.2,-25.8
USA22,Leporillus sp.,134.2,-25.8
USB10,Leporillus sp.,134.2,-25.8
USB10,Leporillus sp.,134.2,-25.8
USB11,Leporillus sp.,134.2,-25.8
USB13,Leporillus sp.,134.2,-25.8
USC191,Leporillus sp.,134.2,-25.8
USC31,Leporillus sp.,134.2,-25.8
USC39,Leporillus sp.,134.2,-25.8
USC89,Leporillus sp.,134.2,-25.8
USC99,Leporillus sp.,134.2,-25.8
USE72,Leporillus sp.,134.2,-25.8
USF06,Leporillus sp.,134.2,-25.8
USG22,Leporillus sp.,134.2,-25.8
USI76,Leporillus sp.,134.2,-25.8
USJ7,Leporillus sp.,134.2,-25.8
USK14,Leporillus sp.,134.2,-25.8
USL7,Leporillus sp.,134.2,-25.8
USM40,Leporillus sp.,134.2,-25.8
USN104,Leporillus sp.,134.2,-25.8
USN138,Leporillus sp.,134.2,-25.8
USN160,Leporillus sp.,134.2,-25.8
USN279,Leporillus sp.,134.2,-25.8
USN363,Leporillus sp.,134.2,-25.8
12599,Leporillus sp.,134.2,-28.2
12603,Leporillus sp.,134.2,-28.2
12732,Leporillus sp.,134.2,-26.2
12613,Leporillus sp.,134.3,-27.9
12612,Leporillus sp.,134.3,-27.9
12698,Leporillus sp.,134.3,-28.2
12701,Leporillus sp.,134.3,-28.2
12611,Leporillus sp.,134.3,-27.9
CHA14,Leporillus sp.,134.3,-27.9
CHA42,Leporillus sp.,134.3,-27.9
CHB15,Leporillus sp.,134.3,-27.9
CHB41,Leporillus sp.,134.3,-27.9
CHC119,Leporillus sp.,134.3,-27.9
CHC22,Leporillus sp.,134.3,-27.9
CHC24,Leporillus sp.,134.3,-27.9
CHC42,Leporillus sp.,134.3,-27.9
CHD17,Leporillus sp.,134.3,-27.9
CHD18,Leporillus sp.,134.3,-27.9
12608,Leporillus sp.,134.3,-28
12707,Leporillus sp.,134.3,-28.5
CRA9,Leporillus sp.,134.5,-23.5
107232,Leporillus sp.,134.5,-27.4
12601,Leporillus sp.,134.6,-28.8
12615,Leporillus sp.,134.6,-27.7
12614,Leporillus sp.,134.6,-27.9
ARLT01,Leporillus sp.,134.7,-23.4
ARLTG8,Leporillus sp.,134.7,-23.4
ARLTH10,Leporillus sp.,134.7,-23.4
ARLTK2,Leporillus sp.,134.7,-23.4
ARLTN15,Leporillus sp.,134.7,-23.4
ARLTP5,Leporillus sp.,134.7,-23.4
12702,Leporillus sp.,134.7,-29.4
12586,Leporillus sp.,135.2,-25.9
12587,Leporillus sp.,135.2,-25.9
12664,Leporillus sp.,135.4,-26.2
378,Leporillus sp.,135.7,-32.4
12709,Leporillus sp.,135.8,-34.6
12706,Leporillus sp.,136,-27.7
12607,Leporillus sp.,136.3,-31.2
12872,Leporillus sp.,137.1,-33.2
12686,Leporillus sp.,137.2,-33
12685,Leporillus sp.,137.2,-33
12687,Leporillus sp.,137.2,-33.1
12705,Leporillus sp.,137.4,-32.8
12653,Leporillus sp.,137.5,-29.5
12675,Leporillus sp.,138.1,-32.1
12652,Leporillus sp.,138.4,-30.6
BR1 (base),Leporillus sp.,138.6,-31.4
BR1 (base),Leporillus sp.,138.6,-31.4
BR1 (top),Leporillus sp.,138.6,-31.4
BR1 (top),Leporillus sp.,138.6,-31.4
BR2 (middle),Leporillus sp.,138.6,-31.4
BR3 (base),Leporillus sp.,138.6,-31.4
BR3 (base),Leporillus sp.,138.6,-31.4
BR3 (top),Leporillus sp.,138.6,-31.4
BR3 (top),Leporillus sp.,138.6,-31.4
BR4 (10cm),Leporillus sp.,138.6,-31.4
BR4 (10cm),Leporillus sp.,138.6,-31.4
BR4 (10cm),Leporillus sp.,138.6,-31.4
BR4 (20cm),Leporillus sp.,138.6,-31.4
BR4 (30cm),Leporillus sp.,138.6,-31.4
BR4 (40cm),Leporillus sp.,138.6,-31.4
BR4 (50cm),Leporillus sp.,138.6,-31.4
BR4 (60cm),Leporillus sp.,138.6,-31.4
BR4 (60cm),Leporillus sp.,138.6,-31.4
BR4 (60cm),Leporillus sp.,138.6,-31.4
BR7 (base),Leporillus sp.,138.6,-31.4
BRACHINA 1 GORGE,Leporillus sp.,138.6,-31.4
BRACHINA 2,Leporillus sp.,138.6,-31.4
12737,Leporillus sp.,138.7,-31.5
107226,Leporillus sp.,138.8,-29.4
113906,Leporillus sp.,138.8,-30.3
12735,Leporillus sp.,138.8,-31.5
12654,Leporillus sp.,138.9,-32.1
12656,Leporillus sp.,138.9,-32.1
12676,Leporillus sp.,138.9,-32.1
12731,Leporillus sp.,139.1,-30.6
12569,Leporillus sp.,139.2,-30.7
12683,Leporillus sp.,139.3,-31
114227,Leporillus sp.,139.3,-30.2
12604,Leporillus sp.,139.3,-30.7
CG1,Leporillus sp.,139.3,-31
MC1 (centre),Leporillus sp.,139.3,-31
MC1 (exposed base),Leporillus sp.,139.3,-31
MC2 (overhang),Leporillus sp.,139.3,-31
MC2 (top),Leporillus sp.,139.3,-31
MC2 (top),Leporillus sp.,139.3,-31
MD3,Leporillus sp.,139.3,-31
SAJQ85L,Leporillus sp.,139.3,-31
SAJQ85L,Leporillus sp.,139.3,-31
SAJQ85R,Leporillus sp.,139.3,-31
SAJQ85R(base),Leporillus sp.,139.3,-31
SAJQ85R(base),Leporillus sp.,139.3,-31
SAJQ89,Leporillus sp.,139.3,-31
SAJQ/79i,Leporillus sp.,139.3,-30.3
SAJQ/79ii,Leporillus sp.,139.3,-30.3
SAJQ/79ii,Leporillus sp.,139.3,-30.3
SAJQ/85Li,Leporillus sp.,139.3,-30.3
SAJQ/85Lii,Leporillus sp.,139.3,-30.3
SAJQ/85Rii,Leporillus sp.,139.3,-30.3
SAJQ/85Rii,Leporillus sp.,139.3,-30.3
SAJQ76,Leporillus sp.,139.3,-30.3
SAJQ77,Leporillus sp.,139.3,-30.3
SAJQ78,Leporillus sp.,139.3,-30.3
SAJQ79,Leporillus sp.,139.3,-30.3
SAJQ91,Leporillus sp.,139.3,-30.3
SAJQ92,Leporillus sp.,139.3,-30.3
12694,Leporillus sp.,140.2,-32.1
6603,Leporillus sp.,140.2,-32.7
12642,Leporillus sp.,140.2,-32.7
12729,Leporillus sp.,140.4,-34.2
12567,Leporillus sp.,140.8,-37.8
12710,Leporillus sp.,140.9,-32.5
12579,Leporillus sp.,141.5,-31.2
12582,Leporillus sp.,141.8,-29.1
12583,Leporillus sp.,141.9,-29.1
12584,Leporillus sp.,141.9,-29
12577,Leporillus sp.,142.3,-32.7
GAP RANGE E (GHE) LOWER RIGHT,Leporillus sp.,142.6,-31.1
GH E1,Leporillus sp.,142.6,-31.1
GH E2,Leporillus sp.,142.6,-31.1
GH E3 (I),Leporillus sp.,142.6,-31.1
GH E3 (II),Leporillus sp.,142.6,-31.1
GH E3 (III),Leporillus sp.,142.6,-31.1
GH E4,Leporillus sp.,142.6,-31.1
GH E5 (I),Leporillus sp.,142.6,-31.1
GH E5 (II) lower left,Leporillus sp.,142.6,-31.1
GH3 (I),Leporillus sp.,142.6,-31.1
GH3 (ii),Leporillus sp.,142.6,-31.1
GH4 (top),Leporillus sp.,142.6,-31.1
GH6 (base),Leporillus sp.,142.6,-31.1
GH6 (top),Leporillus sp.,142.6,-31.1
ARK1,Leporillus sp.,142.6,-30.1
ARK1,Leporillus sp.,142.6,-30.1
HH1 base,Leporillus sp.,142.6,-30.1
HH1 top,Leporillus sp.,142.6,-30.1
NWCK 1,Leporillus sp.,142.6,-30.1
NWCK 2,Leporillus sp.,142.6,-30.1
OT1,Leporillus sp.,142.6,-30.1
OT1,Leporillus sp.,142.6,-30.1
RC 1,Leporillus sp.,142.6,-30.1
RC 2,Leporillus sp.,142.6,-30.1
RC3 base,Leporillus sp.,142.6,-30.1
WF,Leporillus sp.,142.6,-30.1
GH1 (base),Leporillus sp.,142.6,-31.2
GH1 (top),Leporillus sp.,142.6,-31.2
GH2,Leporillus sp.,142.6,-31.2
GH4 (base),Leporillus sp.,142.6,-31.2
GH5 (I),Leporillus sp.,142.6,-31.2
GH5 (II),Leporillus sp.,142.6,-31.2
GH8 (front),Leporillus sp.,142.6,-31.2
Green et al (1983),Leporillus sp.,142.6,-31.2
RC3 top,Leporillus sp.,142.6,-31.2
C7,Leporillus sp.,142.6,-30.9
C8 (front left),Leporillus sp.,142.6,-30.9
12578,Leporillus sp.,142.7,-31.1
