trace,Identifier,Species,LAT,LONG,location,Site Description,Collector,year,month,GPS,note,,,,,,,,,,,,,,,,,,,,,,,,,,,,,,,,,,,,,,,,,,,,
Midden,Baynes2002,Leporillus apicalis,113.3,-26.4,False Entrance Well,,,,,,,Unknown,,,,,,,,,,,,,,,,,,,,,,,,,,,,,,,,,,,,,,,,,,,
Midden,Baynes2002,Leporillus apicalis,113.433,-24.117,Coastal cliffs,,,,,,,Unknown,,,,,,,,,,,,,,,,,,,,,,,,,,,,,,,,,,,,,,,,,,,
Midden,Baynes2002,Leporillus apicalis,113.583,-25.633,Guichenault Point,,,,,,,Unknown,,,,,,,,,,,,,,,,,,,,,,,,,,,,,,,,,,,,,,,,,,,
Midden,Baynes2002,Leporillus apicalis,113.683,-26.6,Baba Head,,,,,,,Unknown,,,,,,,,,,,,,,,,,,,,,,,,,,,,,,,,,,,,,,,,,,,
Midden,Baynes2002,Leporillus apicalis,113.8,-23.117,Cardabia Homestead,Limestone ridge SE,,,,,,Unknown,,,,,,,,,,,,,,,,,,,,,,,,,,,,,,,,,,,,,,,,,,,
Midden,Baynes2002,Leporillus apicalis,113.983,-22.2,Cape Range,Cave C-207,C-207,,,,,Unknown,,,,,,,,,,,,,,,,,,,,,,,,,,,,,,,,,,,,,,,,,,,
Midden,Baynes2002,Leporillus apicalis,113.983,-22.183,Cape Range,Cave C-4,C-4,,,,,Unknown,,,,,,,,,,,,,,,,,,,,,,,,,,,,,,,,,,,,,,,,,,,
Midden,Baynes2002,Leporillus apicalis,114,-22.217,Cape Range,Cave C-200,C-200,,,,,Unknown,,,,,,,,,,,,,,,,,,,,,,,,,,,,,,,,,,,,,,,,,,,
Midden,Baynes2002,Leporillus apicalis,114,-22.133,Cape Range,Cave C-299,C-299,,,,,Unknown,,,,,,,,,,,,,,,,,,,,,,,,,,,,,,,,,,,,,,,,,,,
Midden,Baynes2002,Leporillus apicalis,114.033,-22.017,Cape Range,Cave C-251,C-251,,,,,Unknown,,,,,,,,,,,,,,,,,,,,,,,,,,,,,,,,,,,,,,,,,,,
Midden,Baynes2002,Leporillus apicalis,114.283,-25.983,Yaringa Homestead,Bluffs nearby,,,,,,Unknown,,,,,,,,,,,,,,,,,,,,,,,,,,,,,,,,,,,,,,,,,,,
Midden,Baynes2002,Leporillus apicalis,115.15,-25.35,Winderie Station,Breakaway,,,,,,Unknown,,,,,,,,,,,,,,,,,,,,,,,,,,,,,,,,,,,,,,,,,,,
Midden,Baynes2002,Leporillus apicalis,115.35,-24.75,Table Top Well,Mesa nearby,,,,,,Unknown,,,,,,,,,,,,,,,,,,,,,,,,,,,,,,,,,,,,,,,,,,,
Midden,Baynes2002,Leporillus apicalis,115.583,-29.083,Merkanooka Station,Rockshelter,,,,,,Unknown,,,,,,,,,,,,,,,,,,,,,,,,,,,,,,,,,,,,,,,,,,,
Midden,Baynes2002,Leporillus apicalis,115.617,-28.117,Tallering Hill,,,,,,,Unknown,,,,,,,,,,,,,,,,,,,,,,,,,,,,,,,,,,,,,,,,,,,
Midden,Baynes2002,Leporillus apicalis,116.283,-27.467,Murgoo Station,Breakaways,,,,,,Unknown,,,,,,,,,,,,,,,,,,,,,,,,,,,,,,,,,,,,,,,,,,,
Midden,55239,Leporillus apicalis,116.2833,-27.6,POONA,In cave,,,,,,Western Australian Mueseum,,,,,,,,,,,,,,,,,,,,,,,,,,,,,,,,,,,,,,,,,,,
Midden,Baynes2002,Leporillus apicalis,116.767,-29.2,Karara Station,,,,,,,Unknown,,,,,,,,,,,,,,,,,,,,,,,,,,,,,,,,,,,,,,,,,,,
Midden,Baynes2002,Leporillus apicalis,117.15,-23.567,Mt Elephant,Small breakaway SE,,,,,,Unknown,,,,,,,,,,,,,,,,,,,,,,,,,,,,,,,,,,,,,,,,,,,
Midden,Baynes2002,Leporillus apicalis,117.183,-28.133,Narrying Range,,,,,,,Unknown,,,,,,,,,,,,,,,,,,,,,,,,,,,,,,,,,,,,,,,,,,,
Midden,Baynes2002,Leporillus apicalis,117.25,-29.567,Beanthiny Hill,,,,,,,Unknown,,,,,,,,,,,,,,,,,,,,,,,,,,,,,,,,,,,,,,,,,,,
Midden,Baynes2002,Leporillus apicalis,117.75,-25.067,Sawback Range,,,,,,,Unknown,,,,,,,,,,,,,,,,,,,,,,,,,,,,,,,,,,,,,,,,,,,
Midden,55233,Leporillus apicalis,117.9,-29.9166,Mount Churchman SE,"In breakaway, 12km on Wattle Soak Track",,,,,,Western Australian Mueseum,,,,,,,,,,,,,,,,,,,,,,,,,,,,,,,,,,,,,,,,,,,
Midden,Baynes2002,Leporillus apicalis,117.917,-24.05,Limestone gorge,,,,,,,Unknown,,,,,,,,,,,,,,,,,,,,,,,,,,,,,,,,,,,,,,,,,,,
Midden,55197,Leporillus apicalis,122.9833,-25.7166,Carnegie Homestead,"Breakaway Cave, southern side of Gunbarrel Hwy",,,,,,Western Australian Mueseum,,,,,,,,,,,,,,,,,,,,,,,,,,,,,,,,,,,,,,,,,,,
specimen,Baynes (2000),Leporillus apicalis,113.3,-26.4,Shark Bay,False Entrance Well,M/P,,,Map,Uncalibrated radiocarbon date on collagen from bone in site P of 990±80 BP,,,,,,,,,,,,,,,,,,,,,,,,,,,,,,,,,,,,,,,,,,,,
specimen,Baynes2002,Leporillus apicalis,113.3,-26.400000,False Entrance Well,,,,,,,,,,,,,,,,,,,,,,,,,,,,,,,,,,,,,,,,,,,,,,,,,,
specimen,Baynes (2000),Leporillus apicalis,113.3731,-26.2111,Shark Bay,Heirisson Prong,SFC,,,Map,,,,,,,,,,,,,,,,,,,,,,,,,,,,,,,,,,,,,,,,,,,,,
specimen,Baynes (2000),Leporillus apicalis,113.41336,-25.72533,Shark Bay,Cave Lesueur 1,CL 1,,,WGS 84,,,,,,,,,,,,,,,,,,,,,,,,,,,,,,,,,,,,,,,,,,,,,
specimen,Baynes2002,Leporillus apicalis,113.433,-24.117000,Coastal cliffs,,,,,,,,,,,,,,,,,,,,,,,,,,,,,,,,,,,,,,,,,,,,,,,,,,
specimen,Baynes (2000),Leporillus apicalis,113.4331,-24.1156,Cape Cuvier,Coastal cliffs 13.0 km NE,,,,Map,,,,,,,,,,,,,,,,,,,,,,,,,,,,,,,,,,,,,,,,,,,,,
specimen,Baynes (2000),Leporillus apicalis,113.56638,-26.00364,Shark Bay,10 km blowout,10K,,,WGS 84,,,,,,,,,,,,,,,,,,,,,,,,,,,,,,,,,,,,,,,,,,,,,
specimen,Baynes (2000),Leporillus apicalis,113.5772,-25.6406,Shark Bay,"Herald Bluff, Peron Peninsula",HB 1,,,Map,"Site called ""Guichenault Point"" in ""Baynes2002"", slightly different co-ordinates",,,,,,,,,,,,,,,,,,,,,,,,,,,,,,,,,,,,,,,,,,,,
specimen,Baynes2002,Leporillus apicalis,113.583,-25.633000,Guichenault Point,,,,,,,,,,,,,,,,,,,,,,,,,,,,,,,,,,,,,,,,,,,,,,,,,,
specimen,Baynes (2000),Leporillus apicalis,113.5847,-25.6431,Shark Bay,"Herald Bluff, Peron Peninsula",HB 2,,,Map,"Site called ""Guichenault Point"" in ""Baynes2002"", slightly different co-ordinates",,,,,,,,,,,,,,,,,,,,,,,,,,,,,,,,,,,,,,,,,,,,
specimen,Baynes (2000),Leporillus apicalis,113.6583,-25.7556,Shark Bay,Cape Lesueur 3,CR 3,,,WGS 84,,,,,,,,,,,,,,,,,,,,,,,,,,,,,,,,,,,,,,,,,,,,,
specimen,Baynes (2000),Leporillus apicalis,113.65933,-25.75506,Shark Bay,Cape Rose 2,CR 2,,,WGS 84,,,,,,,,,,,,,,,,,,,,,,,,,,,,,,,,,,,,,,,,,,,,,
specimen,"Bowdler (1995), Baynes (2000)",Leporillus apicalis,113.667,-25.783,Shark Bay,"Monkey Mia, Peron Peninsula",MM,,,Map,"Archaeological excavation, probably has 14C dates, check Bowdler (1995)",,,,,,,,,,,,,,,,,,,,,,,,,,,,,,,,,,,,,,,,,,,,
specimen,Baynes (2000),Leporillus apicalis,113.683,-26.6,Shark Bay,Baba Head,No/S/Nc,,,Map,,,,,,,,,,,,,,,,,,,,,,,,,,,,,,,,,,,,,,,,,,,,,
specimen,Baynes (2000),Leporillus apicalis,113.68575,-26.19272,Shark Bay,Goulet Bluff 3,GB 3,,,WGS 84,,,,,,,,,,,,,,,,,,,,,,,,,,,,,,,,,,,,,,,,,,,,,
specimen,Baynes (2000),Leporillus apicalis,113.74819,-26.23372,Shark Bay,Goulet Bluff 7,GB 7,,,WGS 84,,,,,,,,,,,,,,,,,,,,,,,,,,,,,,,,,,,,,,,,,,,,,
specimen,Baynes (2000),Leporillus apicalis,113.76692,-26.23905,Shark Bay,Goulet Bluff 8,GB 8,,,WGS 84,,,,,,,,,,,,,,,,,,,,,,,,,,,,,,,,,,,,,,,,,,,,,
specimen,Baynes2002,Leporillus apicalis,113.8,-23.117000,Limestone ridge SE of Cardabia Hstd,,,,,,,,,,,,,,,,,,,,,,,,,,,,,,,,,,,,,,,,,,,,,,,,,,
specimen,Baynes (2000),Leporillus apicalis,113.808,-23.1094,Cardabia Homestead,Breakaway 0.8 km SE,,,,Map,,,,,,,,,,,,,,,,,,,,,,,,,,,,,,,,,,,,,,,,,,,,,
specimen,Baynes (2007),Leporillus apicalis,113.8614,-26.3061,Shark Bay,Nanga 6,N6,,,WGS 84,,,,,,,,,,,,,,,,,,,,,,,,,,,,,,,,,,,,,,,,,,,,,
specimen,Baynes (2007),Leporillus apicalis,113.8633,-26.3078,Shark Bay,Nanga 5,N5,,,WGS 84,,,,,,,,,,,,,,,,,,,,,,,,,,,,,,,,,,,,,,,,,,,,,
specimen,Baynes (2007),Leporillus apicalis,113.8739,-26.325,Shark Bay,Nanga 8,N8,,,WGS 84,,,,,,,,,,,,,,,,,,,,,,,,,,,,,,,,,,,,,,,,,,,,,
specimen,Baynes (2007),Leporillus apicalis,113.875,-26.3267,Shark Bay,Nanga 9,N9,,,WGS 84,,,,,,,,,,,,,,,,,,,,,,,,,,,,,,,,,,,,,,,,,,,,,
specimen,Baynes (2007),Leporillus apicalis,113.8758,-26.3275,Shark Bay,Nanga 10,N10,,,WGS 84,,,,,,,,,,,,,,,,,,,,,,,,,,,,,,,,,,,,,,,,,,,,,
specimen,Baynes (2007),Leporillus apicalis,113.8814,-26.3542,Shark Bay,Nanga 7,N7,,,WGS 84,,,,,,,,,,,,,,,,,,,,,,,,,,,,,,,,,,,,,,,,,,,,,
specimen,Baynes (2007),Leporillus apicalis,113.8933,-26.0406,Shark Bay,Nanga 3,N3,,,WGS 84,,,,,,,,,,,,,,,,,,,,,,,,,,,,,,,,,,,,,,,,,,,,,
specimen,Baynes (2007),Leporillus apicalis,113.9128,-25.9836,Shark Bay,Nanga 1,N1,,,WGS 84,,,,,,,,,,,,,,,,,,,,,,,,,,,,,,,,,,,,,,,,,,,,,
specimen,Baynes & Jones (1993),Leporillus apicalis,113.983,-22.2,Cape Range,"Two Hundred Cave, Cape Range",C-207,,,,,,,,,,,,,,,,,,,,,,,,,,,,,,,,,,,,,,,,,,,,,,,,
specimen,Baynes & Jones (1993),Leporillus apicalis,113.983,-22.183,Cape Range,"Roost Cave, Cape Range",C-4,,,,,,,,,,,,,,,,,,,,,,,,,,,,,,,,,,,,,,,,,,,,,,,,
specimen,Baynes & Jones (1993),Leporillus apicalis,114,-22.217,Cape Range,"Unnamed cave, Cape Range",C-200,,,,,,,,,,,,,,,,,,,,,,,,,,,,,,,,,,,,,,,,,,,,,,,,
specimen,Baynes & Jones (1993),Leporillus apicalis,114,-22.133,Cape Range,Cave C-299,C–299,,,,,,,,,,,,,,,,,,,,,,,,,,,,,,,,,,,,,,,,,,,,,,,,
specimen,Baynes & Jones (1993),Leporillus apicalis,114.033,-22.017,Cape Range,Cave C-251,C–251,,,,,,,,,,,,,,,,,,,,,,,,,,,,,,,,,,,,,,,,,,,,,,,,
specimen,Baynes et al. (2019),Leporillus apicalis,114.0958,-21.9969,Cape Range,Cave C-599,C–599,,,WGS84,,,,,,,,,,,,,,,,,,,,,,,,,,,,,,,,,,,,,,,,,,,,,
specimen,Baynes (2000),Leporillus apicalis,114.283,-25.983,Yaringa lookout,Bluffs,,,,Map,,,,,,,,,,,,,,,,,,,,,,,,,,,,,,,,,,,,,,,,,,,,,
specimen,Baynes2002,Leporillus apicalis,114.283,-25.983000,Bluffs near Yaringa Homestead,,,,,,,,,,,,,,,,,,,,,,,,,,,,,,,,,,,,,,,,,,,,,,,,,,
specimen,Baynes (1979),Leporillus apicalis,115.0914,-30.0853, northern Swan Coastal Plain,"Hastings Cave, Jurien",B.1.00(1),,,WGS 85,,,,,,,,,,,,,,,,,,,,,,,,,,,,,,,,,,,,,,,,,,,,,
specimen,Monks (2018),Leporillus apicalis,115.133,-29.817,northern Swan Coastal Plain,Yellabidde Cave,,,,V rough estimate!,,,,,,,,,,,,,,,,,,,,,,,,,,,,,,,,,,,,,,,,,,,,,
specimen,Baynes (2000),Leporillus apicalis,115.1439,-25.3542,Winderie Station,Breakaway,Wi,,,Map,,,,,,,,,,,,,,,,,,,,,,,,,,,,,,,,,,,,,,,,,,,,,
specimen,Baynes2002,Leporillus apicalis,115.15,-25.350000,Breakaway on Winderie Station,,,,,,,,,,,,,,,,,,,,,,,,,,,,,,,,,,,,,,,,,,,,,,,,,,
specimen,Baynes2002,Leporillus apicalis,115.35,-24.750000,Mesa near Table Top Well,,,,,,,,,,,,,,,,,,,,,,,,,,,,,,,,,,,,,,,,,,,,,,,,,,
specimen,Baynes (2000),Leporillus apicalis,115.355,-24.7633,"Tabletop Well, Gascoyne",Mesa,TT 1/2,,,Map,,,,,,,,,,,,,,,,,,,,,,,,,,,,,,,,,,,,,,,,,,,,,
specimen,Baynes2002,Leporillus apicalis,115.583,-29.083,Merkanooka Station,Rockshelter,,,,,,,,,,,,,,,,,,,,,,,,,,,,,,,,,,,,,,,,,,,,,,,,,
specimen,Baynes2002,Leporillus apicalis,115.583,-29.083000,Rockshelter on Merkanooka Stn,,,,,,,,,,,,,,,,,,,,,,,,,,,,,,,,,,,,,,,,,,,,,,,,,,
specimen,Baynes2002,Leporillus apicalis,115.617,-28.117000,Tallering Hill,,,,,,,,,,,,,,,,,,,,,,,,,,,,,,,,,,,,,,,,,,,,,,,,,,
specimen,Baynes (2003),Leporillus apicalis,115.6197,-28.1169,Yalgoo IBRA Region,Tallering Hill,115,,,Map,,,,,,,,,,,,,,,,,,,,,,,,,,,,,,,,,,,,,,,,,,,,,
specimen,Baynes (2003),Leporillus apicalis,115.6589,-28.0942,Yalgoo IBRA Region,Tallering 'gorge',162,,,WGS 84,,,,,,,,,,,,,,,,,,,,,,,,,,,,,,,,,,,,,,,,,,,,,
specimen,Baynes2002,Leporillus apicalis,116.283,-27.467000,Breakaways on Murgoo Stn,,,,,,,,,,,,,,,,,,,,,,,,,,,,,,,,,,,,,,,,,,,,,,,,,,
specimen,Baynes2002,Leporillus apicalis,116.433,-27.367,Murgoo Station,Breakaways,,,,WAM catalogue,,,,,,,,,,,,,,,,,,,,,,,,,,,,,,,,,,,,,,,,,,,,,
specimen,Baynes2002,Leporillus apicalis,116.767,-29.2,Karara Station,Breakaway behind arch,87,,,,,,,,,,,,,,,,,,,,,,,,,,,,,,,,,,,,,,,,,,,,,,,,
specimen,Baynes2002,Leporillus apicalis,116.767,-29.200000,Karara Stn,,,,,,,,,,,,,,,,,,,,,,,,,,,,,,,,,,,,,,,,,,,,,,,,,,
specimen,Baynes (2003),Leporillus apicalis,116.9583,-28.7344,Yalgoo IBRA Region,Gnows Nest Range,163,,,WGS 84,,,,,,,,,,,,,,,,,,,,,,,,,,,,,,,,,,,,,,,,,,,,,
specimen,Baynes2002,Leporillus apicalis,117.15,-23.567000,Small breakaway SE of Mt Elephant,,,,,,,,,,,,,,,,,,,,,,,,,,,,,,,,,,,,,,,,,,,,,,,,,,
specimen,Baynes2002,Leporillus apicalis,117.183,-28.133000,Narring Range,,,,,,,,,,,,,,,,,,,,,,,,,,,,,,,,,,,,,,,,,,,,,,,,,,
specimen,Baynes2002,Leporillus apicalis,117.1847,-28.1333,Narring Range,Breakaway,,,,Map,,,,,,,,,,,,,,,,,,,,,,,,,,,,,,,,,,,,,,,,,,,,,
specimen,Baynes2002,Leporillus apicalis,117.25,-29.567000,Beanthiny Hill,,,,,,,,,,,,,,,,,,,,,,,,,,,,,,,,,,,,,,,,,,,,,,,,,,
specimen,Baynes (2003),Leporillus apicalis,117.2589,-29.5775,Mt Gibson Station,Beanthiny Hill,BH,,,WGS 84,The nest was partly dismantled to find the Leporillus remains inside,,,,,,,,,,,,,,,,,,,,,,,,,,,,,,,,,,,,,,,,,,,,
specimen,Baynes (2003),Leporillus apicalis,117.3278,-29.0583,Yalgoo IBRA Region,Pinyalling Range,161,,,WGS 84,,,,,,,,,,,,,,,,,,,,,,,,,,,,,,,,,,,,,,,,,,,,,
specimen,Baynes (2003),Leporillus apicalis,117.3814,-29.7717,Mt Gibson Station,Red Hand Site,RHS,,,WGS 84,,,,,,,,,,,,,,,,,,,,,,,,,,,,,,,,,,,,,,,,,,,,,
specimen,Baynes (2003),Leporillus apicalis,117.3844,-29.5661,Mt Gibson Station,Mesa cave 1,MC,,,WGS 84,Nest destroyed to obtain mammal remains in it (sorry!),,,,,,,,,,,,,,,,,,,,,,,,,,,,,,,,,,,,,,,,,,,,
specimen,Baynes (2000),Leporillus apicalis,117.617,-23.55,Mt Elephant,Small breakaway to the south-east,112,,,Map,Alex thinks there is gum-bitumen adhering to the single specimen from this site,,,,,,,,,,,,,,,,,,,,,,,,,,,,,,,,,,,,,,,,,,,,
specimen,Baynes (1984),Leporillus apicalis,117.7,-26.917,Murchison,Wilgie Mia ochre mine,,,,,From archaeological excavation with uncalibrated 14C dates of 560±70 and 1100±90 BP,,,,,,,,,,,,,,,,,,,,,,,,,,,,,,,,,,,,,,,,,,,,
specimen,Baynes2002,Leporillus apicalis,117.7,-26.917000,Wilgie Mia,,,,,,,,,,,,,,,,,,,,,,,,,,,,,,,,,,,,,,,,,,,,,,,,,,
specimen,Baynes2002,Leporillus apicalis,117.75,-25.067000,Sawback Range,,,,,,,,,,,,,,,,,,,,,,,,,,,,,,,,,,,,,,,,,,,,,,,,,,
specimen,Baynes (2000),Leporillus apicalis,117.765,-25.071,Gascoyne,Cave in Sawback Range,114,,,Map,,,,,,,,,,,,,,,,,,,,,,,,,,,,,,,,,,,,,,,,,,,,,
specimen,Baynes2002,Leporillus apicalis,117.817,-28.550000,Breakaway ENE of Kirkalocka Hstd,,,,,,,,,,,,,,,,,,,,,,,,,,,,,,,,,,,,,,,,,,,,,,,,,,
specimen,Baynes (2000),Leporillus apicalis,117.917,-24.05,"""Limestone gorge"" (see Remarks)",,,,,,,See accompanying email,,,,,,,,,,,,,,,,,,,,,,,,,,,,,,,,,,,,,,,,,,,
specimen,Baynes2002,Leporillus apicalis,117.917,-24.050000,Limestone gorge,,,,,,,,,,,,,,,,,,,,,,,,,,,,,,,,,,,,,,,,,,,,,,,,,,
specimen,Baynes (2003),Leporillus apicalis,118.1147,-29.6147,Yalgoo IBRA Region,Bimbijy Station,159,,,WGS 84,,,,,,,,,,,,,,,,,,,,,,,,,,,,,,,,,,,,,,,,,,,,,
specimen,Baynes (2003),Leporillus apicalis,118.2878,-29.6817,Yalgoo IBRA Region,Bimbijy Hill,158,,,WGS 84,,,,,,,,,,,,,,,,,,,,,,,,,,,,,,,,,,,,,,,,,,,,,
specimen,,Leporillus apicalis,118.35,-26.333,Mt Padbury-Meekatharra road,Breakaway beside,114A,,,Map,,,,,,,,,,,,,,,,,,,,,,,,,,,,,,,,,,,,,,,,,,,,,
specimen,Baynes2002,Leporillus apicalis,119.367,-29.367000,Breakaway on Diemals Station,,,,,,,,,,,,,,,,,,,,,,,,,,,,,,,,,,,,,,,,,,,,,,,,,,
specimen,,Leporillus apicalis,119.3719,-29.3761,Diemals Station,Hole in cliff,129,,,Map,,,,,,,,,,,,,,,,,,,,,,,,,,,,,,,,,,,,,,,,,,,,,
specimen,Baynes2002,Leporillus apicalis,119.433,-23.967000,10.7 km W of Bulloo Downs Hstd,,,,,,,,,,,,,,,,,,,,,,,,,,,,,,,,,,,,,,,,,,,,,,,,,,
specimen,Baynes (2000),Leporillus apicalis,119.6,-24.033,Bulloo Downs Station,Breakaways by track to the east,102,,,Map,Nest pulled apart to look for bones,,,,,,,,,,,,,,,,,,,,,,,,,,,,,,,,,,,,,,,,,,,,
specimen,,Leporillus apicalis,119.7053,-30.3606,Bungalbin Range,,128/2,,,Map,,,,,,,,,,,,,,,,,,,,,,,,,,,,,,,,,,,,,,,,,,,,,
specimen,Baynes2002,Leporillus apicalis,119.933,-27.050000,Breakaway 20 miles NW Yeelirrie Hstd,,,,,,,,,,,,,,,,,,,,,,,,,,,,,,,,,,,,,,,,,,,,,,,,,,
specimen,Baynes2002,Leporillus apicalis,120.3,-28.117000,White Cloud Cliffs,,,,,,,,,,,,,,,,,,,,,,,,,,,,,,,,,,,,,,,,,,,,,,,,,,
specimen,Baynes2002,Leporillus apicalis,120.3017,28.1261,Pinnacles Station,White Cloud Cliffs,134,,,Map,,,,,,,,,,,,,,,,,,,,,,,,,,,,,,,,,,,,,,,,,,,,,
specimen,Baynes2002,Leporillus apicalis,120.533,-30.083000,Breakaways NW of Callion,,,,,,,,,,,,,,,,,,,,,,,,,,,,,,,,,,,,,,,,,,,,,,,,,,
specimen,Baynes2002,Leporillus apicalis,121.05,-26.417000,Millrose Station,,,,,,,,,,,,,,,,,,,,,,,,,,,,,,,,,,,,,,,,,,,,,,,,,,
specimen,Baynes (2000),Leporillus apicalis,121.054,-26.413,Millrose Station,Herberts Rockhole breakaways,139/2,,,Map,,,,,,,,,,,,,,,,,,,,,,,,,,,,,,,,,,,,,,,,,,,,,
specimen,Baynes1984,Leporillus apicalis,121.15,-32.866667,Peak Charles,Combined sample from three caves: large open cave on E. slope of N. spur; high open cave near top W. slope N. spur; and small sheet erosion cave on S.H. slope S. spur.,"Baynes, Hart 1984",1984,,,,,,,,,,,,,,,,,,,,,,,,,,,,,,,,,,,,,,,,,,,,,,,
specimen,,Leporillus apicalis,121.6314,-29.5133,Yerilla Homestead,Dead tree 14.3 km WSW,133,,,Map,,,,,,,,,,,,,,,,,,,,,,,,,,,,,,,,,,,,,,,,,,,,,
specimen,Baynes2002,Leporillus apicalis,121.633,-29.517000,Old tree on Yerilla Station,,,,,,,,,,,,,,,,,,,,,,,,,,,,,,,,,,,,,,,,,,,,,,,,,,
specimen,Turpin et al.,Leporillus apicalis,122.706531,-28.280593,Giles Breakaway 1,,GB1,,,WGS 84,,,,,,,,,,,,,,,,,,,,,,,,,,,,,,,,,,,,,,,,,,,,,
specimen,Baynes2002,Leporillus apicalis,122.817,-30.083000,Pinjin Station,,,,,,,,,,,,,,,,,,,,,,,,,,,,,,,,,,,,,,,,,,,,,,,,,,
specimen,Baynes1984,Leporillus apicalis,122.917222,-32.591667,Unnamed,Small cave near top of cliff face at extreme east end of Wylie Scarp (where it swings seaward to become Baxter Cliffs).,"Baynes, Hart 1984",1984,,,,,,,,,,,,,,,,,,,,,,,,,,,,,,,,,,,,,,,,,,,,,,,
specimen,Lowry1966,Leporillus apicalis,123.398889,-32.467778,Unnamed,Very small breakaway on north shore of salt lake S. of old Telegraph line in Dundas Nature Reserve.,"Baynes, Hart 1984",1984,,,,,,,,,,,,,,,,,,,,,,,,,,,,,,,,,,,,,,,,,,,,,,,
specimen,Lowry1968,Leporillus apicalis,123.839444,-32.478333,Unnamed,Sinkhole 3.3 km SW of Balladonia Station homestead. Small figure-of-eight shaped entrance. Vertical solution pipe about 7 m to small circular chamber with small southern extension.,"Thomas et al. 1971; Baynes, Hart 1984",1971,,,,,,,,,,,,,,,,,,,,,,,,,,,,,,,,,,,,,,,,,,,,,,,
specimen,Turpin et al.,Leporillus apicalis,124.36652,-26.76583,Empress Spring 1,,ES1,,,WGS 84,,,,,,,,,,,,,,,,,,,,,,,,,,,,,,,,,,,,,,,,,,,,,
specimen,Baynes (2000),Leporillus apicalis,124.429,-25.426,Mount Johnson south,,142/2,,,Map,,,,,,,,,,,,,,,,,,,,,,,,,,,,,,,,,,,,,,,,,,,,,
specimen,Baynes2002,Leporillus apicalis,124.433,-25.433000,Mt Johnson,,,,,,,,,,,,,,,,,,,,,,,,,,,,,,,,,,,,,,,,,,,,,,,,,,
specimen,Turpin et al.,Leporillus apicalis,124.468431,-26.904491,Breaden Bluff 1,,BrB1,,,WGS 84,,,,,,,,,,,,,,,,,,,,,,,,,,,,,,,,,,,,,,,,,,,,,
specimen,Turpin et al.,Leporillus apicalis,124.479105,-29.176756,Possum Cave 5.1,,PC5.1,,,WGS 84,,,,,,,,,,,,,,,,,,,,,,,,,,,,,,,,,,,,,,,,,,,,,
specimen,Turpin et al.,Leporillus apicalis,124.481407,-29.178021,Possum Cave 3,,PC3,,,WGS 84,,,,,,,,,,,,,,,,,,,,,,,,,,,,,,,,,,,,,,,,,,,,,
specimen,Turpin et al.,Leporillus apicalis,124.52208,-29.218396,Big Nest cave,,BN1,,,WGS 84,,,,,,,,,,,,,,,,,,,,,,,,,,,,,,,,,,,,,,,,,,,,,
specimen,Turpin et al.,Leporillus apicalis,124.578989,-29.331603,South Rock cave 1,,SR1,,,WGS 84,,,,,,,,,,,,,,,,,,,,,,,,,,,,,,,,,,,,,,,,,,,,,
specimen,Turpin et al.,Leporillus apicalis,124.592288,-29.555665,Duck Egg cave 1,,DE1,,,WGS 84,,,,,,,,,,,,,,,,,,,,,,,,,,,,,,,,,,,,,,,,,,,,,
specimen,Turpin et al.,Leporillus apicalis,124.602512,-29.087849,Bartlett Bluff 2,,BaB2,,,WGS 84,,,,,,,,,,,,,,,,,,,,,,,,,,,,,,,,,,,,,,,,,,,,,
specimen,Turpin et al.,Leporillus apicalis,124.602681,-29.090078,Bartlett Bluff 1,,BaB1,,,WGS 84,,,,,,,,,,,,,,,,,,,,,,,,,,,,,,,,,,,,,,,,,,,,,
specimen,Turpin et al.,Leporillus apicalis,124.619761,-29.087664,Bartlett Bluff 3,,BaB3,,,WGS 84,,,,,,,,,,,,,,,,,,,,,,,,,,,,,,,,,,,,,,,,,,,,,
specimen,Baynes1984,Leporillus apicalis,124.634722,-32.497222,Unnamed,"Sinkhole on northern side of track across Hampton Tableland at M.R. 552033 Price 1:100,000 sheet. Vertical solution pipe about 7 m to small round chamber.","Hart, Baynes 1984",1984,,,,,,,,,,,,,,,,,,,,,,,,,,,,,,,,,,,,,,,,,,,,,,,
specimen,Turpin et al.,Leporillus apicalis,124.639333,-29.131335,Bartlett South 4,,BaS4,,,WGS 84,,,,,,,,,,,,,,,,,,,,,,,,,,,,,,,,,,,,,,,,,,,,,
specimen,Turpin et al.,Leporillus apicalis,124.740483,-29.333475,Sydney Simpson Cliffs 1,,SSC1,,,WGS 84,,,,,,,,,,,,,,,,,,,,,,,,,,,,,,,,,,,,,,,,,,,,,
specimen,Kendrick1966,Leporillus apicalis,124.792778,-32.569167,Twin Level Cave,,"Baynes, Hart 1984",1984,,,,,,,,,,,,,,,,,,,,,,,,,,,,,,,,,,,,,,,,,,,,,,,
specimen,Baynes (2000),Leporillus apicalis,124.976,-25.043,Young Range,,143/1,,,Map,,,,,,,,,,,,,,,,,,,,,,,,,,,,,,,,,,,,,,,,,,,,,
specimen,Baynes2002,Leporillus apicalis,124.983,-25.033000,Young Range,,,,,,,,,,,,,,,,,,,,,,,,,,,,,,,,,,,,,,,,,,,,,,,,,,
specimen,Turpin et al.,Leporillus apicalis,125.654977,-26.834645,Manunda Breakaway 1,,MN1,,,WGS 84,,,,,,,,,,,,,,,,,,,,,,,,,,,,,,,,,,,,,,,,,,,,,
specimen,Turpin et al.,Leporillus apicalis,125.855984,-26.598354,Breakaway NW of Gahnda,,145/3,,,WGS 84,,,,,,,,,,,,,,,,,,,,,,,,,,,,,,,,,,,,,,,,,,,,,
specimen,Turpin et al.,Leporillus apicalis,125.8625,-26.595833,Breakaway NW of Gahnda,,145/2,,,WGS 84,,,,,,,,,,,,,,,,,,,,,,,,,,,,,,,,,,,,,,,,,,,,,
specimen,13235,Leporillus apicalis,125.866665,-26.600004,,,,,,,,,,,,,,,,,,,,,,,,,,,,,,,,,,,,,,,,,,,,,,,,,,,
specimen,Baynes2002,Leporillus apicalis,125.867,-26.600000,Breakaways near Gahnda Rockhole,,,,,,,,,,,,,,,,,,,,,,,,,,,,,,,,,,,,,,,,,,,,,,,,,,
specimen,12678,Leporillus apicalis,125.883326,-32.216670,,,,,,,,,,,,,,,,,,,,,,,,,,,,,,,,,,,,,,,,,,,,,,,,,,,
specimen,Cook1961,Leporillus apicalis,125.883333,-32.216667,Telegraph Cave,,Carlisle 1966,1966,,,,,,,,,,,,,,,,,,,,,,,,,,,,,,,,,,,,,,,,,,,,,,,
specimen,12738,Leporillus apicalis,125.916666,-31.966670,,,,,,,,,,,,,,,,,,,,,,,,,,,,,,,,,,,,,,,,,,,,,,,,,,,
specimen,Thomas1971,Leporillus apicalis,125.916667,-31.966667,Cocklebiddy Cave,,"Lowry 1965, 1966",1965,,,,,,,,,,,,,,,,,,,,,,,,,,,,,,,,,,,,,,,,,,,,,,,
specimen,Baynes2002,Leporillus apicalis,125.933,-25.767000,Mount Samuel,,,,,,,,,,,,,,,,,,,,,,,,,,,,,,,,,,,,,,,,,,,,,,,,,,
specimen,13233,Leporillus apicalis,125.933331,-25.766668,,,,,,,,,,,,,,,,,,,,,,,,,,,,,,,,,,,,,,,,,,,,,,,,,,,
specimen,Baynes (2000),Leporillus apicalis,126.029,-26.515,Winduldurra Rockhole,Cave nearby,146/1,,,Map,,,,,,,,,,,,,,,,,,,,,,,,,,,,,,,,,,,,,,,,,,,,,
specimen,Baynes2002,Leporillus apicalis,126.033,-26.517000,Breakaways near Winduldurra Rockhole,,,,,,,,,,,,,,,,,,,,,,,,,,,,,,,,,,,,,,,,,,,,,,,,,,
specimen,13234,Leporillus apicalis,126.033327,-26.516675,,,,,,,,,,,,,,,,,,,,,,,,,,,,,,,,,,,,,,,,,,,,,,,,,,,
specimen,12788,Leporillus apicalis,126.033327,-32.050003,,,,,,,,,,,,,,,,,,,,,,,,,,,,,,,,,,,,,,,,,,,,,,,,,,,
specimen,12713,Leporillus apicalis,126.033329,-32.066675,,,,,,,,,,,,,,,,,,,,,,,,,,,,,,,,,,,,,,,,,,,,,,,,,,,
specimen,Hart1984,Leporillus apicalis,126.033333,-32.066667,Murra-el-elevyn Cave,,"Lundelius, Kendrick 1954-55; Partridge 1964; Lowry 1966; Bridge 1967; Baynes et al. 1967",1954,,,,,,,,,,,,,,,,,,,,,,,,,,,,,,,,,,,,,,,,,,,,,,,
specimen,Turpin et al.,Leporillus apicalis,126.155233,-27.621919,Point Sandercock 2,,PSc2,,,WGS 84,,,,,,,,,,,,,,,,,,,,,,,,,,,,,,,,,,,,,,,,,,,,,
specimen,Baynes1984,Leporillus apicalis,126.183333,-32.1,Tommy Grahams Cave,"Granite rock 8 km N. of Mount Andrew, Large crescentic open cave on northern flank of rock.","Kendrick, Hitchin 1966; Carlisle 1966, 1967",1966,,,,,,,,,,,,,,,,,,,,,,,,,,,,,,,,,,,,,,,,,,,,,,,
specimen,12715,Leporillus apicalis,126.183333,-32.100000,,,,,,,,,,,,,,,,,,,,,,,,,,,,,,,,,,,,,,,,,,,,,,,,,,,
specimen,Turpin et al.,Leporillus apicalis,126.362217,-27.06015,Faulkner Hill 2,,FH2,,,WGS 84,,,,,,,,,,,,,,,,,,,,,,,,,,,,,,,,,,,,,,,,,,,,,
specimen,Turpin et al.,Leporillus apicalis,126.374272,-27.060558,Faulkner Hill 1.1,,FH1.1,,,WGS 84,,,,,,,,,,,,,,,,,,,,,,,,,,,,,,,,,,,,,,,,,,,,,
specimen,Baynes2002,Leporillus apicalis,126.432,-27.159,Hanns Tabletop Hill,Breakaways east,152,,,Map,,,,,,,,,,,,,,,,,,,,,,,,,,,,,,,,,,,,,,,,,,,,,
specimen,Turpin et al.,Leporillus apicalis,126.44278,-27.235,Ryans Bluff 2,,RB2,,,WGS 84,,,,,,,,,,,,,,,,,,,,,,,,,,,,,,,,,,,,,,,,,,,,,
specimen,13236,Leporillus apicalis,126.449998,-26.700006,,,,,,,,,,,,,,,,,,,,,,,,,,,,,,,,,,,,,,,,,,,,,,,,,,,
specimen,Baynes2002,Leporillus apicalis,126.45,-26.700000,Manton Knob,,,,,,,,,,,,,,,,,,,,,,,,,,,,,,,,,,,,,,,,,,,,,,,,,,
specimen,Turpin et al.,Leporillus apicalis,126.451388,-26.695833,Manton Knob breakaways,,149/1,,,WGS 84,,,,,,,,,,,,,,,,,,,,,,,,,,,,,,,,,,,,,,,,,,,,,
specimen,Turpin et al.,Leporillus apicalis,126.454166,-26.693055,Manton Knob breakaways,,149/2,,,WGS 84,,,,,,,,,,,,,,,,,,,,,,,,,,,,,,,,,,,,,,,,,,,,,
specimen,13237,Leporillus apicalis,126.466665,-27.200002,,,,,,,,,,,,,,,,,,,,,,,,,,,,,,,,,,,,,,,,,,,,,,,,,,,
specimen,Baynes2002,Leporillus apicalis,126.467,-27.200000,Point Wood,,,,,,,,,,,,,,,,,,,,,,,,,,,,,,,,,,,,,,,,,,,,,,,,,,
specimen,Turpin et al.,Leporillus apicalis,126.468055,-27.215277,Breakaways S of Point Wood,,153/2,,,WGS 84,,,,,,,,,,,,,,,,,,,,,,,,,,,,,,,,,,,,,,,,,,,,,
specimen,12725,Leporillus apicalis,126.733326,-31.850008,,,,,,,,,,,,,,,,,,,,,,,,,,,,,,,,,,,,,,,,,,,,,,,,,,,
specimen,Lundelius1954,Leporillus apicalis,126.733333,-31.850001,Dingo Cave,,"Hyslop, Petchell 1967; Lowry 1968; Thomas et al. 1972",1967,,,,,,,,,,,,,,,,,,,,,,,,,,,,,,,,,,,,,,,,,,,,,,,
specimen,12723,Leporillus apicalis,127.016661,-31.583339,,,,,,,,,,,,,,,,,,,,,,,,,,,,,,,,,,,,,,,,,,,,,,,,,,,
specimen,Hyslop1967,Leporillus apicalis,127.016667,-31.75,Firestick Cave,,Cawthorn 1961; Cook 1962; Lowry 1966,1961,,,,,,,,,,,,,,,,,,,,,,,,,,,,,,,,,,,,,,,,,,,,,,,
specimen,12727,Leporillus apicalis,127.033325,-31.966673,,,,,,,,,,,,,,,,,,,,,,,,,,,,,,,,,,,,,,,,,,,,,,,,,,,
specimen,12785,Leporillus apicalis,127.033329,-31.983341,,,,,,,,,,,,,,,,,,,,,,,,,,,,,,,,,,,,,,,,,,,,,,,,,,,
specimen,Baynes1984,Leporillus apicalis,127.033333,-31.966667,Madura Six Mile South Cave,,Cook 1961; Lowry 1966,1961,,,,,,,,,,,,,,,,,,,,,,,,,,,,,,,,,,,,,,,,,,,,,,,
specimen,12747,Leporillus apicalis,127.183330,-31.433337,,,,,,,,,,,,,,,,,,,,,,,,,,,,,,,,,,,,,,,,,,,,,,,,,,,
specimen,Archer1969,Leporillus apicalis,127.233333,-31.566667,Roaches Rest Cave,,Lowry 1966; Lance 1976,1966,,,,,,,,,,,,,,,,,,,,,,,,,,,,,,,,,,,,,,,,,,,,,,,
specimen,12695,Leporillus apicalis,127.433326,-31.650001,,,,,,,,,,,,,,,,,,,,,,,,,,,,,,,,,,,,,,,,,,,,,,,,,,,
specimen,12721,Leporillus apicalis,127.433326,-31.650001,,,,,,,,,,,,,,,,,,,,,,,,,,,,,,,,,,,,,,,,,,,,,,,,,,,
specimen,Lowry1965,Leporillus apicalis,127.433333,-31.666667,Abrakurrie Cave,,Lowry 1966; Bywater 1969; Jones 1976,1966,,,,,,,,,,,,,,,,,,,,,,,,,,,,,,,,,,,,,,,,,,,,,,,
specimen,Lowry1966,Leporillus apicalis,127.433333,-31.65,Horseshoe Cave,,Archer et al. 1969 to 1970,1969,,,,,,,,,,,,,,,,,,,,,,,,,,,,,,,,,,,,,,,,,,,,,,,
specimen,12718,Leporillus apicalis,127.716661,-31.833335,,,,,,,,,,,,,,,,,,,,,,,,,,,,,,,,,,,,,,,,,,,,,,,,,,,
specimen,12750,Leporillus apicalis,127.716661,-31.683341,,,,,,,,,,,,,,,,,,,,,,,,,,,,,,,,,,,,,,,,,,,,,,,,,,,
specimen,Carlisle1966,Leporillus apicalis,127.716667,-31.833333,Witches Cave,,Lance 1976,1976,,,,,,,,,,,,,,,,,,,,,,,,,,,,,,,,,,,,,,,,,,,,,,,
specimen,Cawthorn1961,Leporillus apicalis,127.716667,-31.683333,Thylacine Hole,,Lowry 1966,1966,,,,,,,,,,,,,,,,,,,,,,,,,,,,,,,,,,,,,,,,,,,,,,,
specimen,12768,Leporillus apicalis,127.799994,-31.775005,,,,,,,,,,,,,,,,,,,,,,,,,,,,,,,,,,,,,,,,,,,,,,,,,,,
specimen,12716,Leporillus apicalis,127.799996,-31.766670,,,,,,,,,,,,,,,,,,,,,,,,,,,,,,,,,,,,,,,,,,,,,,,,,,,
specimen,12781,Leporillus apicalis,127.799996,-31.766670,,,,,,,,,,,,,,,,,,,,,,,,,,,,,,,,,,,,,,,,,,,,,,,,,,,
specimen,Lance1976,Leporillus apicalis,127.8,-31.766667,Webbs Cave,,Cook 1962; Baynes et al. 1967; Thomas et al. 1972,1962,,,,,,,,,,,,,,,,,,,,,,,,,,,,,,,,,,,,,,,,,,,,,,,
specimen,12743,Leporillus apicalis,128.483324,-31.666673,,,,,,,,,,,,,,,,,,,,,,,,,,,,,,,,,,,,,,,,,,,,,,,,,,,
specimen,12755,Leporillus apicalis,128.483329,-31.700001,,,,,,,,,,,,,,,,,,,,,,,,,,,,,,,,,,,,,,,,,,,,,,,,,,,
specimen,12753,Leporillus apicalis,128.483332,-31.716674,,,,,,,,,,,,,,,,,,,,,,,,,,,,,,,,,,,,,,,,,,,,,,,,,,,
specimen,12783,Leporillus apicalis,128.483332,-31.650001,,,,,,,,,,,,,,,,,,,,,,,,,,,,,,,,,,,,,,,,,,,,,,,,,,,
specimen,Cook1962,Leporillus apicalis,128.483333,-31.716667,Kutowalla Doline,,Lowry 1966,1966,,,,,,,,,,,,,,,,,,,,,,,,,,,,,,,,,,,,,,,,,,,,,,,
specimen,Lowry1966,Leporillus apicalis,128.483333,-31.7,Winbirra Cave,,Lowry 1966,1966,,,,,,,,,,,,,,,,,,,,,,,,,,,,,,,,,,,,,,,,,,,,,,,
specimen,Lowry1966,Leporillus apicalis,128.75,-31.666667,Weebubbie Cave,,Lowry 1966,1966,,,,,,,,,,,,,,,,,,,,,,,,,,,,,,,,,,,,,,,,,,,,,,,
specimen,Lowry1966,Leporillus apicalis,129.033333,-31.683333,Unnamed,Overhang in cliffs 1.2 miles E. of Wilsons Bluff cairn.,Lowry 1966,1966,,,,,,,,,,,,,,,,,,,,,,,,,,,,,,,,,,,,,,,,,,,,,,,
specimen,Lowry1966,Leporillus apicalis,129.1,-31.533333,Warbla Cave,,Lowry 1968; Bywater 1969,1968,,,,,,,,,,,,,,,,,,,,,,,,,,,,,,,,,,,,,,,,,,,,,,,
specimen,12644,Leporillus apicalis,129.916660,-31.500004,,,,,,,,,,,,,,,,,,,,,,,,,,,,,,,,,,,,,,,,,,,,,,,,,,,
specimen,105480,Leporillus apicalis,129.932924,-26.893581,,,,,,,,,,,,,,,,,,,,,,,,,,,,,,,,,,,,,,,,,,,,,,,,,,,
specimen,12700,Leporillus apicalis,130.666663,-26.616673,,,,,,,,,,,,,,,,,,,,,,,,,,,,,,,,,,,,,,,,,,,,,,,,,,,
specimen,NPC NT 2002,Leporillus apicalis,130.830000,-23.800000, Pinnacles Station,,,1986,July,,,,,,,,,,,,,,,,,,,,,,,,,,,,,,,,,,,,,,,,,,,,,,
specimen,NPC NT 2002,Leporillus apicalis,131.030000,-25.350000,,,,1983,September,,,,,,,,,,,,,,,,,,,,,,,,,,,,,,,,,,,,,,,,,,,,,,
specimen,NPC NT 2002,Leporillus apicalis,131.310000,-23.830000,,,,1986,July,,,,,,,,,,,,,,,,,,,,,,,,,,,,,,,,,,,,,,,,,,,,,,
specimen,12674,Leporillus apicalis,132.166661,-30.866670,,,,,,,,,,,,,,,,,,,,,,,,,,,,,,,,,,,,,,,,,,,,,,,,,,,
specimen,NPC NT 2002,Leporillus apicalis,133.410000,-24.030000,,,,1990,October,,,,,,,,,,,,,,,,,,,,,,,,,,,,,,,,,,,,,,,,,,,,,,
specimen,NPC NT 2002,Leporillus apicalis,133.860000,-25.960000,,,,1986,July,,,,,,,,,,,,,,,,,,,,,,,,,,,,,,,,,,,,,,,,,,,,,,
specimen,NPC NT 2002,Leporillus apicalis,133.890000,-23.640000,,,,1987,July,,,,,,,,,,,,,,,,,,,,,,,,,,,,,,,,,,,,,,,,,,,,,,
specimen,NPC NT 2002,Leporillus apicalis,133.900000,-25.980000,,,,1986,July,,,,,,,,,,,,,,,,,,,,,,,,,,,,,,,,,,,,,,,,,,,,,,
specimen,NPC NT 2002,Leporillus apicalis,133.970000,-23.740000,,,,1987,February,,,,,,,,,,,,,,,,,,,,,,,,,,,,,,,,,,,,,,,,,,,,,,
specimen,NPC NT 2002,Leporillus apicalis,134.330000,-23.660000, Edel Land,,,1987,May,,,,,,,,,,,,,,,,,,,,,,,,,,,,,,,,,,,,,,,,,,,,,,
specimen,NPC NT 2002,Leporillus apicalis,134.430000,-23.630000,,,,1987,June,,,,,,,,,,,,,,,,,,,,,,,,,,,,,,,,,,,,,,,,,,,,,,
specimen,NPC NT 2002,Leporillus apicalis,134.730000,-23.440000,,,,1987,May,,,,,,,,,,,,,,,,,,,,,,,,,,,,,,,,,,,,,,,,,,,,,,
specimen,NPC NT 2002,Leporillus apicalis,134.800000,-23.700000,,,,1986,June,,,,,,,,,,,,,,,,,,,,,,,,,,,,,,,,,,,,,,,,,,,,,,
specimen,NPC NT 2002,Leporillus apicalis,134.880000,-22.350000,,,,1987,March,,,,,,,,,,,,,,,,,,,,,,,,,,,,,,,,,,,,,,,,,,,,,,
specimen,NPC NT 2002,Leporillus apicalis,135.010000,-23.560000,,,,1989,August,,,,,,,,,,,,,,,,,,,,,,,,,,,,,,,,,,,,,,,,,,,,,,
specimen,NPC NT 2002,Leporillus apicalis,135.080000,-22.780000,,,,1987,March,,,,,,,,,,,,,,,,,,,,,,,,,,,,,,,,,,,,,,,,,,,,,,
specimen,NPC NT 2002,Leporillus apicalis,135.750000,-24.560000,,,,1985,November,,,,,,,,,,,,,,,,,,,,,,,,,,,,,,,,,,,,,,,,,,,,,,
specimen,12684,Leporillus apicalis,136.166660,-33.433340, Dirk Hartog I.,,,,,,,,,,,,,,,,,,,,,,,,,,,,,,,,,,,,,,,,,,,,,,,,,,
specimen,Medlin1984,Leporillus apicalis,136.166667,-33.433333,Darke Peak,,Medlin et al. 1984,1984,,,,,,,,,,,,,,,,,,,,,,,,,,,,,,,,,,,,,,,,,,,,,,,
specimen,NPC NT 2002,Leporillus apicalis,137.160000,-23.850000,,,,1985,March,,,,,,,,,,,,,,,,,,,,,,,,,,,,,,,,,,,,,,,,,,,,,,
specimen,NPC NT 2002,Leporillus apicalis,137.180000,-23.830000,,,,1985,March,,,,,,,,,,,,,,,,,,,,,,,,,,,,,,,,,,,,,,,,,,,,,,
specimen,NPC NT 2002,Leporillus apicalis,137.320000,-22.000000,,,,1996,September,,,,,,,,,,,,,,,,,,,,,,,,,,,,,,,,,,,,,,,,,,,,,,
specimen,12661,Leporillus apicalis,138.366661,-30.583334, Lyons R. Stn,,,,,,,,,,,,,,,,,,,,,,,,,,,,,,,,,,,,,,,,,,,,,,,,,,
specimen,12659,Leporillus apicalis,139.283329,-30.966670,,,,,,,,,,,,,,,,,,,,,,,,,,,,,,,,,,,,,,,,,,,,,,,,,,,
specimen,12688,Leporillus apicalis,142.166664,-34.183342,,,,,,,,,,,,,,,,,,,,,,,,,,,,,,,,,,,,,,,,,,,,,,,,,,,
specimen,12575,Leporillus apicalis,142.183326,-34.166670,,,,,,,,,,,,,,,,,,,,,,,,,,,,,,,,,,,,,,,,,,,,,,,,,,,
specimen,Baynes & Jones (1993),Leporillus apicalis,,,Cape Range,Cave C-402,C–402,,,,,,,,,,,,,,,,,,,,,,,,,,,,,,,,,,,,,,,,,,,,,,,,
Midden,Baynes2002,Leporillus conditor,112.95,-25.75,West Coast Well,,,Unknown,,,,,,,,,,,,,,,,,,,,,,,,,,,,,,,,,,,,,,,,,,,,,,,
Midden,Baynes2002,Leporillus conditor,113.1,-25.967,Herald Heights,,,Unknown,,,,,,,,,,,,,,,,,,,,,,,,,,,,,,,,,,,,,,,,,,,,,,,
Midden,Baynes2002,Leporillus conditor,113.3,-26.4,False Entrance Well,,,Unknown,,,,,,,,,,,,,,,,,,,,,,,,,,,,,,,,,,,,,,,,,,,,,,,
Midden,Baynes2002,Leporillus conditor,113.433,-24.117,Coastal cliffs,,,Unknown,,,,,,,,,,,,,,,,,,,,,,,,,,,,,,,,,,,,,,,,,,,,,,,
Midden,Baynes2002,Leporillus conditor,113.583,-25.633,Guichenault Point,,,Unknown,,,,,,,,,,,,,,,,,,,,,,,,,,,,,,,,,,,,,,,,,,,,,,,
Midden,Baynes2002,Leporillus conditor,113.683,-26.6,Baba Head,,,Unknown,,,,,,,,,,,,,,,,,,,,,,,,,,,,,,,,,,,,,,,,,,,,,,,
Midden,Baynes2002,Leporillus conditor,113.8,-23.117,Cardabia Homestead,Limestone ridge SE,,Unknown,,,,,,,,,,,,,,,,,,,,,,,,,,,,,,,,,,,,,,,,,,,,,,,
Midden,Baynes2002,Leporillus conditor,114.1,-27.833,Bluff Point,,,Unknown,,,,,,,,,,,,,,,,,,,,,,,,,,,,,,,,,,,,,,,,,,,,,,,
Midden,Baynes2002,Leporillus conditor,114.283,-25.983,Yaringa Homestead,nearby bluffs,,Unknown,,,,,,,,,,,,,,,,,,,,,,,,,,,,,,,,,,,,,,,,,,,,,,,
Midden,Baynes2002,Leporillus conditor,115.617,-28.117,Tallering Hill,,,Unknown,,,,,,,,,,,,,,,,,,,,,,,,,,,,,,,,,,,,,,,,,,,,,,,
Midden,Baynes2002,Leporillus conditor,117.183,-28.133,Narrying Range,,,Unknown,,,,,,,,,,,,,,,,,,,,,,,,,,,,,,,,,,,,,,,,,,,,,,,
specimen,Baynes2002,Leporillus conditor,112.95,-25.750000,West Coast Well,,,,,,,,,,,,,,,,,,,,,,,,,,,,,,,,,,,,,,,,,,,,,,,,,,
specimen,Baynes2002,Leporillus conditor,113.1,-25.967000,Herald Heights,,,,,,,,,,,,,,,,,,,,,,,,,,,,,,,,,,,,,,,,,,,,,,,,,,
specimen,Baynes2002,Leporillus conditor,113.3,-26.400000,False Entrance Well,,,,,,,,,,,,,,,,,,,,,,,,,,,,,,,,,,,,,,,,,,,,,,,,,,
specimen,Baynes2002,Leporillus conditor,113.433,-24.117000,Coastal cliffs,,,,,,,,,,,,,,,,,,,,,,,,,,,,,,,,,,,,,,,,,,,,,,,,,,
specimen,Baynes2002,Leporillus conditor,113.583,-25.633000,Guichenault Point,,,,,,,,,,,,,,,,,,,,,,,,,,,,,,,,,,,,,,,,,,,,,,,,,,
specimen,Baynes2002,Leporillus conditor,113.683,-26.600000,Baba Head,,,,,,,,,,,,,,,,,,,,,,,,,,,,,,,,,,,,,,,,,,,,,,,,,,
specimen,Baynes2002,Leporillus conditor,113.8,-23.117000,Limestone ridge SE of Cardabia Hstd,,,,,,,,,,,,,,,,,,,,,,,,,,,,,,,,,,,,,,,,,,,,,,,,,,
specimen,Baynes2002,Leporillus conditor,114.1,-27.833000,Bluff Point,,,,,,,,,,,,,,,,,,,,,,,,,,,,,,,,,,,,,,,,,,,,,,,,,,
specimen,Baynes2002,Leporillus conditor,114.283,-25.983000,Bluffs near Yaringa Homestead,,,,,,,,,,,,,,,,,,,,,,,,,,,,,,,,,,,,,,,,,,,,,,,,,,
specimen,Baynes2002,Leporillus conditor,115.617,-28.117000,Tallering Hill,,,,,,,,,,,,,,,,,,,,,,,,,,,,,,,,,,,,,,,,,,,,,,,,,,
specimen,Baynes2002,Leporillus conditor,117.183,-28.133000,Narring Range,,,,,,,,,,,,,,,,,,,,,,,,,,,,,,,,,,,,,,,,,,,,,,,,,,
specimen,Baynes2002,Leporillus conditor,117.7,-26.917000,Wilgie Mia,,,,,,,,,,,,,,,,,,,,,,,,,,,,,,,,,,,,,,,,,,,,,,,,,,
specimen,Baynes2002,Leporillus conditor,118.317,-29.017000,Breakaway on Narndee Station,,,,,,,,,,,,,,,,,,,,,,,,,,,,,,,,,,,,,,,,,,,,,,,,,,
specimen,Baynes2002,Leporillus conditor,119.367,-29.367000,Breakaway on Diemals Station,,,,,,,,,,,,,,,,,,,,,,,,,,,,,,,,,,,,,,,,,,,,,,,,,,
specimen,Baynes2002,Leporillus conditor,120.3,-28.117000,White Cloud Cliffs,,,,,,,,,,,,,,,,,,,,,,,,,,,,,,,,,,,,,,,,,,,,,,,,,,
specimen,Baynes2002,Leporillus conditor,121.317,-30.900000,W. end Red Lake near Kalgoorlie,,,,,,,,,,,,,,,,,,,,,,,,,,,,,,,,,,,,,,,,,,,,,,,,,,
specimen,Baynes2002,Leporillus conditor,121.633,-29.517000,Old tree on Yerilla Station,,,,,,,,,,,,,,,,,,,,,,,,,,,,,,,,,,,,,,,,,,,,,,,,,,
specimen,Baynes1984,Leporillus conditor,123.398889,-32.467778,Unnamed,Very small breakaway on north shore of salt lake S. of old Telegraph line in Dundas Nature Reserve.,"Baynes, Hart 1984",1984,,,,,,,,,,,,,,,,,,,,,,,,,,,,,,,,,,,,,,,,,,,,,,,
specimen,Thomas1971,Leporillus conditor,123.839444,-32.478333,Unnamed,Sinkhole 3.3 km SW of Balladonia Station homestead. Small figure-of-eight shaped entrance. Vertical solution pipe about 7 m to small circular chamber with small southern extension.,"Thomas et al. 1971; Baynes, Hart 1984",1971,,,,,,,,,,,,,,,,,,,,,,,,,,,,,,,,,,,,,,,,,,,,,,,
specimen,Hart1984,Leporillus conditor,124.634722,-32.497222,Unnamed,"Sinkhole on northern side of track across Hampton Tableland at M.R. 552033 Price 1:100,000 sheet. Vertical solution pipe about 7 m to small round chamber.","Hart, Baynes 1984",1984,,,,,,,,,,,,,,,,,,,,,,,,,,,,,,,,,,,,,,,,,,,,,,,
specimen,Marshall1968,Leporillus conditor,125.333333,-31.066667,Unnamed,"Cave ""5 miles S. of Rawlinna"".",Marshall 1968,1968,,,,,,,,,,,,,,,,,,,,,,,,,,,,,,,,,,,,,,,,,,,,,,,
specimen,12787,Leporillus conditor,125.866657,-31.983337,,,,,,,,,,,,,,,,,,,,,,,,,,,,,,,,,,,,,,,,,,,,,,,,,,,
specimen,12679,Leporillus conditor,125.883326,-32.216670,,,,,,,,,,,,,,,,,,,,,,,,,,,,,,,,,,,,,,,,,,,,,,,,,,,
specimen,Carlisle1966,Leporillus conditor,125.883333,-32.216667,Telegraph Cave,,Carlisle 1966,1966,,,,,,,,,,,,,,,,,,,,,,,,,,,,,,,,,,,,,,,,,,,,,,,
specimen,Lowry1965,Leporillus conditor,125.916667,-31.966667,Cocklebiddy Cave,,"Lowry 1965, 1966",1965,,,,,,,,,,,,,,,,,,,,,,,,,,,,,,,,,,,,,,,,,,,,,,,
specimen,12789,Leporillus conditor,126.033327,-32.050003,,,,,,,,,,,,,,,,,,,,,,,,,,,,,,,,,,,,,,,,,,,,,,,,,,,
specimen,12714,Leporillus conditor,126.033329,-32.066675,,,,,,,,,,,,,,,,,,,,,,,,,,,,,,,,,,,,,,,,,,,,,,,,,,,
specimen,Lundelius1954,Leporillus conditor,126.033333,-32.066667,Murra-el-elevyn Cave,,"Lundelius, Kendrick 1954-55; Partridge 1964; Lowry 1966; Bridge 1967; Baynes et al. 1967",1954,,,,,,,,,,,,,,,,,,,,,,,,,,,,,,,,,,,,,,,,,,,,,,,
specimen,Lowry1965,Leporillus conditor,126.183333,-32.033333,Pannikin Plain Cave,,Zeck 1960; Lowry 1965; Cook,1960,,,,,,,,,,,,,,,,,,,,,,,,,,,,,,,,,,,,,,,,,,,,,,,
specimen,Lowry1966,Leporillus conditor,126.5,-31.983333,Moonera Tank Cave,,Lowry 1965,1965,,,,,,,,,,,,,,,,,,,,,,,,,,,,,,,,,,,,,,,,,,,,,,,
specimen,Hyslop1967,Leporillus conditor,126.733333,-31.850001,Dingo Cave,,"Hyslop, Petchell 1967; Lowry 1968; Thomas et al. 1972",1967,,,,,,,,,,,,,,,,,,,,,,,,,,,,,,,,,,,,,,,,,,,,,,,
specimen,Butler1967,Leporillus conditor,126.8,-31.033333,Unnamed,"Cave ""15 miles S. of W. of Loongana"".",Butler 1967,1967,,,,,,,,,,,,,,,,,,,,,,,,,,,,,,,,,,,,,,,,,,,,,,,
specimen,Cawthorn1961,Leporillus conditor,127.016667,-31.75,Firestick Cave,,Cawthorn 1961; Cook 1962; Lowry 1966,1961,,,,,,,,,,,,,,,,,,,,,,,,,,,,,,,,,,,,,,,,,,,,,,,
specimen,12728,Leporillus conditor,127.033325,-31.966673,,,,,,,,,,,,,,,,,,,,,,,,,,,,,,,,,,,,,,,,,,,,,,,,,,,
specimen,Cook1961,Leporillus conditor,127.033333,-31.966667,Madura Six Mile South Cave,,Cook 1961; Lowry 1966,1961,,,,,,,,,,,,,,,,,,,,,,,,,,,,,,,,,,,,,,,,,,,,,,,
specimen,Lowry1966,Leporillus conditor,127.066667,-30.966667,Lynch Cave,,Lowry 1966; Butler 1967,1966,,,,,,,,,,,,,,,,,,,,,,,,,,,,,,,,,,,,,,,,,,,,,,,
specimen,Lowry1966,Leporillus conditor,127.183333,-31.433333,Unnamed,,Lowry 1966,1966,,,,,,,,,,,,,,,,,,,,,,,,,,,,,,,,,,,,,,,,,,,,,,,
specimen,12765,Leporillus conditor,127.233329,-31.666674,,,,,,,,,,,,,,,,,,,,,,,,,,,,,,,,,,,,,,,,,,,,,,,,,,,
specimen,12764,Leporillus conditor,127.233331,-31.716674,,,,,,,,,,,,,,,,,,,,,,,,,,,,,,,,,,,,,,,,,,,,,,,,,,,
specimen,12741,Leporillus conditor,127.233332,-31.566674,,,,,,,,,,,,,,,,,,,,,,,,,,,,,,,,,,,,,,,,,,,,,,,,,,,
specimen,Zeck1960,Leporillus conditor,127.233333,-31.716667,Mullamullang Cave,,Lowry 1966; Bridge 1966,1966,,,,,,,,,,,,,,,,,,,,,,,,,,,,,,,,,,,,,,,,,,,,,,,
specimen,Lowry1966,Leporillus conditor,127.233333,-31.566667,Roaches Rest Cave,,Lowry 1966; Lance 1976,1966,,,,,,,,,,,,,,,,,,,,,,,,,,,,,,,,,,,,,,,,,,,,,,,
specimen,Lowry1966,Leporillus conditor,127.433333,-31.666667,Abrakurrie Cave,,Lowry 1966; Bywater 1969; Jones 1976,1966,,,,,,,,,,,,,,,,,,,,,,,,,,,,,,,,,,,,,,,,,,,,,,,
specimen,Archer1969,Leporillus conditor,127.433333,-31.65,Horseshoe Cave,,Archer et al. 1969 to 1970,1969,,,,,,,,,,,,,,,,,,,,,,,,,,,,,,,,,,,,,,,,,,,,,,,
specimen,12751,Leporillus conditor,127.716661,-31.683341,,,,,,,,,,,,,,,,,,,,,,,,,,,,,,,,,,,,,,,,,,,,,,,,,,,
specimen,Lance1976,Leporillus conditor,127.716667,-31.833333,Witches Cave,,Lance 1976,1976,,,,,,,,,,,,,,,,,,,,,,,,,,,,,,,,,,,,,,,,,,,,,,,
specimen,Lowry1966,Leporillus conditor,127.716667,-31.683333,Thylacine Hole,,Lowry 1966,1966,,,,,,,,,,,,,,,,,,,,,,,,,,,,,,,,,,,,,,,,,,,,,,,
specimen,12769,Leporillus conditor,127.799994,-31.775005,,,,,,,,,,,,,,,,,,,,,,,,,,,,,,,,,,,,,,,,,,,,,,,,,,,
specimen,12717,Leporillus conditor,127.799996,-31.766670,,,,,,,,,,,,,,,,,,,,,,,,,,,,,,,,,,,,,,,,,,,,,,,,,,,
specimen,Cook1962,Leporillus conditor,127.8,-31.766667,Webbs Cave,,Cook 1962; Baynes et al. 1967; Thomas et al. 1972,1962,,,,,,,,,,,,,,,,,,,,,,,,,,,,,,,,,,,,,,,,,,,,,,,
specimen,Lowry1966,Leporillus conditor,127.866667,-31.433333,Skinkhole,,Lowry 1966,1966,,,,,,,,,,,,,,,,,,,,,,,,,,,,,,,,,,,,,,,,,,,,,,,
specimen,Lowry1966,Leporillus conditor,127.95,-31.166667,Old Homestead Cave,,Lowry 1966,1966,,,,,,,,,,,,,,,,,,,,,,,,,,,,,,,,,,,,,,,,,,,,,,,
specimen,12744,Leporillus conditor,128.483324,-31.666673, Mt Gibson Station,,,,,,,,,,,,,,,,,,,,,,,,,,,,,,,,,,,,,,,,,,,,,,,,,,
specimen,12746,Leporillus conditor,128.483328,-31.250002,,,,,,,,,,,,,,,,,,,,,,,,,,,,,,,,,,,,,,,,,,,,,,,,,,,
specimen,12756,Leporillus conditor,128.483329,-31.700001,,,,,,,,,,,,,,,,,,,,,,,,,,,,,,,,,,,,,,,,,,,,,,,,,,,
specimen,12754,Leporillus conditor,128.483332,-31.716674,,,,,,,,,,,,,,,,,,,,,,,,,,,,,,,,,,,,,,,,,,,,,,,,,,,
specimen,12784,Leporillus conditor,128.483332,-31.650001,,,,,,,,,,,,,,,,,,,,,,,,,,,,,,,,,,,,,,,,,,,,,,,,,,,
specimen,Lowry1966,Leporillus conditor,128.483333,-31.716667,Kutowalla Doline,,Lowry 1966,1966,,,,,,,,,,,,,,,,,,,,,,,,,,,,,,,,,,,,,,,,,,,,,,,
specimen,Lowry1966,Leporillus conditor,128.483333,-31.7,Winbirra Cave,,Lowry 1966,1966,,,,,,,,,,,,,,,,,,,,,,,,,,,,,,,,,,,,,,,,,,,,,,,
specimen,Lowry1966,Leporillus conditor,128.483333,-31.25,Unnamed,,Lowry 1966,1966,,,,,,,,,,,,,,,,,,,,,,,,,,,,,,,,,,,,,,,,,,,,,,,
specimen,Lowry1966,Leporillus conditor,128.583333,-31.4,Unnamed,,Lowry 1966,1966,,,,,,,,,,,,,,,,,,,,,,,,,,,,,,,,,,,,,,,,,,,,,,,
specimen,13238,Leporillus conditor,128.666661,-30.483338,,,,,,,,,,,,,,,,,,,,,,,,,,,,,,,,,,,,,,,,,,,,,,,,,,,
specimen,Baynes2002,Leporillus conditor,128.667,-30.483000,Nullarbor sinkhole,,,,,,,,,,,,,,,,,,,,,,,,,,,,,,,,,,,,,,,,,,,,,,,,,,
specimen,12763,Leporillus conditor,128.749990,-31.066675,,,,,,,,,,,,,,,,,,,,,,,,,,,,,,,,,,,,,,,,,,,,,,,,,,,
specimen,Lowry1966,Leporillus conditor,128.75,-31.666667,Weebubbie Cave,,Lowry 1966,1966,,,,,,,,,,,,,,,,,,,,,,,,,,,,,,,,,,,,,,,,,,,,,,,
specimen,Lowry1966,Leporillus conditor,129.033333,-31.683333,Unnamed,Overhang in cliffs 1.2 miles E. of Wilsons Bluff cairn.,Lowry 1966,1966,,,,,,,,,,,,,,,,,,,,,,,,,,,,,,,,,,,,,,,,,,,,,,,
specimen,Lowry1968,Leporillus conditor,129.1,-31.533333,Warbla Cave,,Lowry 1968; Bywater 1969,1968,,,,,,,,,,,,,,,,,,,,,,,,,,,,,,,,,,,,,,,,,,,,,,,
specimen,Carlisle1975,Leporillus conditor,129.25,-29.75,Unnamed,"A group of seven caves ""100 miles north-east Forrest (approx.)"", of which four yielded material.",Carlisle 1975,1975,,,,,,,,,,,,,,,,,,,,,,,,,,,,,,,,,,,,,,,,,,,,,,,
specimen,12646,Leporillus conditor,129.833327,-31.400004,,,,,,,,,,,,,,,,,,,,,,,,,,,,,,,,,,,,,,,,,,,,,,,,,,,
specimen,12645,Leporillus conditor,129.916660,-31.500004,,,,,,,,,,,,,,,,,,,,,,,,,,,,,,,,,,,,,,,,,,,,,,,,,,,
specimen,12767,Leporillus conditor,130.966662,-30.550008,,,,,,,,,,,,,,,,,,,,,,,,,,,,,,,,,,,,,,,,,,,,,,,,,,,
specimen,12689,Leporillus conditor,131.249993,-30.250004, Kalbarri National Park,,,,,,,,,,,,,,,,,,,,,,,,,,,,,,,,,,,,,,,,,,,,,,,,,,
specimen,12692,Leporillus conditor,131.249994,-30.583341,,,,,,,,,,,,,,,,,,,,,,,,,,,,,,,,,,,,,,,,,,,,,,,,,,,
specimen,12690,Leporillus conditor,131.666659,-30.450003,,,,,,,,,,,,,,,,,,,,,,,,,,,,,,,,,,,,,,,,,,,,,,,,,,,
specimen,12873,Leporillus conditor,131.666666,-30.466670,,,,,,,,,,,,,,,,,,,,,,,,,,,,,,,,,,,,,,,,,,,,,,,,,,,
specimen,12655,Leporillus conditor,133.649994,-32.450007,,,,,,,,,,,,,,,,,,,,,,,,,,,,,,,,,,,,,,,,,,,,,,,,,,,
specimen,12662,Leporillus conditor,133.666664,-32.450004,,,,,,,,,,,,,,,,,,,,,,,,,,,,,,,,,,,,,,,,,,,,,,,,,,,
specimen,12568,Leporillus conditor,134.166662,-27.966675, Shark Bay,,,,,,,,,,,,,,,,,,,,,,,,,,,,,,,,,,,,,,,,,,,,,,,,,,
specimen,12733,Leporillus conditor,136.266658,-34.516667,,,,,,,,,,,,,,,,,,,,,,,,,,,,,,,,,,,,,,,,,,,,,,,,,,,
specimen,12657,Leporillus conditor,136.999996,-28.500004, Peron Peninsula,,,,,,,,,,,,,,,,,,,,,,,,,,,,,,,,,,,,,,,,,,,,,,,,,,
specimen,18472,Leporillus conditor,138.375625,-30.258891,,,,,,,,,,,,,,,,,,,,,,,,,,,,,,,,,,,,,,,,,,,,,,,,,,,
specimen,12660,Leporillus conditor,138.416666,-30.550001, NE Cape Cuvier,,,,,,,,,,,,,,,,,,,,,,,,,,,,,,,,,,,,,,,,,,,,,,,,,,
specimen,18497,Leporillus conditor,138.782484,-29.389539,,,,,,,,,,,,,,,,,,,,,,,,,,,,,,,,,,,,,,,,,,,,,,,,,,,
specimen,114484,Leporillus conditor,138.903465,-31.104991,,,,,,,,,,,,,,,,,,,,,,,,,,,,,,,,,,,,,,,,,,,,,,,,,,,
specimen,114192,Leporillus conditor,139.273070,-30.174112,,,,,,,,,,,,,,,,,,,,,,,,,,,,,,,,,,,,,,,,,,,,,,,,,,,
specimen,12658,Leporillus conditor,139.283329,-30.966670,,,,,,,,,,,,,,,,,,,,,,,,,,,,,,,,,,,,,,,,,,,,,,,,,,,
specimen,12572,Leporillus conditor,141.949993,-33.950004,,,,,,,,,,,,,,,,,,,,,,,,,,,,,,,,,,,,,,,,,,,,,,,,,,,
specimen,12576,Leporillus conditor,142.333324,-32.666672,,,,,,,,,,,,,,,,,,,,,,,,,,,,,,,,,,,,,,,,,,,,,,,,,,,
Midden,McBride 2022,Leporillus sp.,-22.946433,118.864421,Pilbara,,,,,,approximation,,,,,,,,,,,,,,,,,,,,,,,,,,,,,,,,,,,,,,,,,,,,
Midden,McBride 2022,Leporillus sp.,-22.946433,118.864421,Pilbara,,,,,,approximation,,,,,,,,,,,,,,,,,,,,,,,,,,,,,,,,,,,,,,,,,,,,
Midden,McBride 2022,Leporillus sp.,-22.946433,118.864421,Pilbara,,,,,,approximation,,,,,,,,,,,,,,,,,,,,,,,,,,,,,,,,,,,,,,,,,,,,
Midden,McBride 2022,Leporillus sp.,-22.946433,118.864421,Pilbara,,,,,,approximation,,,,,,,,,,,,,,,,,,,,,,,,,,,,,,,,,,,,,,,,,,,,
Midden,McBride 2022,Leporillus sp.,-22.946433,118.864421,Pilbara,,,,,,approximation,,,,,,,,,,,,,,,,,,,,,,,,,,,,,,,,,,,,,,,,,,,,
Midden,McBride 2022,Leporillus sp.,-22.946433,118.864421,Pilbara,,,,,,approximation,,,,,,,,,,,,,,,,,,,,,,,,,,,,,,,,,,,,,,,,,,,,
Midden,McBride 2022,Leporillus sp.,-22.946433,118.864421,Pilbara,,,,,,approximation,,,,,,,,,,,,,,,,,,,,,,,,,,,,,,,,,,,,,,,,,,,,
Midden,McBride 2022,Leporillus sp.,-22.946433,118.864421,Pilbara,,,,,,approximation,,,,,,,,,,,,,,,,,,,,,,,,,,,,,,,,,,,,,,,,,,,,
Midden,McBride 2022,Leporillus sp.,-22.946433,118.864421,Pilbara,,,,,,approximation,,,,,,,,,,,,,,,,,,,,,,,,,,,,,,,,,,,,,,,,,,,,
Midden,McBride 2022,Leporillus sp.,-22.946433,118.864421,Pilbara,,,,,,approximation,,,,,,,,,,,,,,,,,,,,,,,,,,,,,,,,,,,,,,,,,,,,
Midden,McBride 2022,Leporillus sp.,-22.946433,118.864421,Pilbara,,,,,,approximation,,,,,,,,,,,,,,,,,,,,,,,,,,,,,,,,,,,,,,,,,,,,
Midden,McBride 2022,Leporillus sp.,-22.946433,118.864421,Pilbara,,,,,,approximation,,,,,,,,,,,,,,,,,,,,,,,,,,,,,,,,,,,,,,,,,,,,
Midden,McBride 2022,Leporillus sp.,-22.946433,118.864421,Pilbara,,,,,,approximation,,,,,,,,,,,,,,,,,,,,,,,,,,,,,,,,,,,,,,,,,,,,
Midden,McBride 2022,Leporillus sp.,-22.946433,118.864421,Pilbara,,,,,,approximation,,,,,,,,,,,,,,,,,,,,,,,,,,,,,,,,,,,,,,,,,,,,
Midden,McBride 2022,Leporillus sp.,-22.946433,118.864421,Pilbara,,,,,,approximation,,,,,,,,,,,,,,,,,,,,,,,,,,,,,,,,,,,,,,,,,,,,
Midden,Cole2000,Leporillus sp.,134.333320,-23.616640,Loves Creek Station, Edel Land,,,,,,,,,,,,,,,,,,,,,,,,,,,,,,,,,,,,,,,,,,,,,,,,,
Midden,Cole2000,Leporillus sp.,134.399980,-23.266600,"Allitera Tableland Hale River, eastern side, around Numery Dam",,,,,,,,,,,,,,,,,,,,,,,,,,,,,,,,,,,,,,,,,,,,,,,,,,
Midden,Cole2000,Leporillus sp.,137.251667,-22.000000,Manners Creek,,,,,,,,,,,,,,,,,,,,,,,,,,,,,,,,,,,,,,,,,,,,,,,,,,
Midden,Cole2000,Leporillus sp.,137.320556,-22.004444,Manners Creek,,,,,,,,,,,,,,,,,,,,,,,,,,,,,,,,,,,,,,,,,,,,,,,,,,
Midden,12567,Leporillus sp.,140.783331,-37.833334,,,,Unknown,,,,,,,,,,,,,,,,,,,,,,,,,,,,,,,,,,,,,,,,,,,,,,,
specimen,Pearson2002,Leporillus sp.,0.000000,0.000000,,,,,,,,,,,,,,,,,,,,,,,,,,,,,,,,,,,,,,,,,,,,,,,,,,,
specimen,M0236,Leporillus sp.,119.666667,-30.500000,,,,,,,,,,,,,,,,,,,,,,,,,,,,,,,,,,,,,,,,,,,,,,,,,,,
specimen,MO1,Leporillus sp.,119.666667,-30.500000,,,,,,,,,,,,,,,,,,,,,,,,,,,,,,,,,,,,,,,,,,,,,,,,,,,
specimen,PTA121A,Leporillus sp.,122.976944,-28.419722,,,,,,,,,,,,,,,,,,,,,,,,,,,,,,,,,,,,,,,,,,,,,,,,,,,
specimen,PTA234b,Leporillus sp.,122.976944,-28.419722,,,,,,,,,,,,,,,,,,,,,,,,,,,,,,,,,,,,,,,,,,,,,,,,,,,
specimen,QVA312,Leporillus sp.,123.267222,-30.328889,,,,,,,,,,,,,,,,,,,,,,,,,,,,,,,,,,,,,,,,,,,,,,,,,,,
specimen,QVA464,Leporillus sp.,123.267222,-30.328889,,,,,,,,,,,,,,,,,,,,,,,,,,,,,,,,,,,,,,,,,,,,,,,,,,,
specimen,QVB107,Leporillus sp.,123.267222,-30.328889,,,,,,,,,,,,,,,,,,,,,,,,,,,,,,,,,,,,,,,,,,,,,,,,,,,
specimen,QVB37,Leporillus sp.,123.267222,-30.328889,,,,,,,,,,,,,,,,,,,,,,,,,,,,,,,,,,,,,,,,,,,,,,,,,,,
specimen,QVB37,Leporillus sp.,123.267222,-30.328889,,,,,,,,,,,,,,,,,,,,,,,,,,,,,,,,,,,,,,,,,,,,,,,,,,,
specimen,M0505,Leporillus sp.,124.983333,-25.050000,,,,,,,,,,,,,,,,,,,,,,,,,,,,,,,,,,,,,,,,,,,,,,,,,,,
specimen,M05170b,Leporillus sp.,124.983333,-25.050000,,,,,,,,,,,,,,,,,,,,,,,,,,,,,,,,,,,,,,,,,,,,,,,,,,,
specimen,M06,Leporillus sp.,124.983333,-25.050000,,,,,,,,,,,,,,,,,,,,,,,,,,,,,,,,,,,,,,,,,,,,,,,,,,,
specimen,M0652,Leporillus sp.,124.983333,-25.050000,,,,,,,,,,,,,,,,,,,,,,,,,,,,,,,,,,,,,,,,,,,,,,,,,,,
specimen,M07,Leporillus sp.,124.983333,-25.050000,,,,,,,,,,,,,,,,,,,,,,,,,,,,,,,,,,,,,,,,,,,,,,,,,,,
specimen,M07,Leporillus sp.,124.983333,-25.050000,,,,,,,,,,,,,,,,,,,,,,,,,,,,,,,,,,,,,,,,,,,,,,,,,,,
specimen,12622,Leporillus sp.,124.999995,-25.066672,,,,,,,,,,,,,,,,,,,,,,,,,,,,,,,,,,,,,,,,,,,,,,,,,,,
specimen,12623,Leporillus sp.,125.066657,-25.183337,,,,,,,,,,,,,,,,,,,,,,,,,,,,,,,,,,,,,,,,,,,,,,,,,,,
specimen,12624,Leporillus sp.,125.297218,-25.550001,,,,,,,,,,,,,,,,,,,,,,,,,,,,,,,,,,,,,,,,,,,,,,,,,,,
specimen,12711,Leporillus sp.,125.333330,-31.016668,,,,,,,,,,,,,,,,,,,,,,,,,,,,,,,,,,,,,,,,,,,,,,,,,,,
specimen,12628,Leporillus sp.,125.415554,-26.961113,,,,,,,,,,,,,,,,,,,,,,,,,,,,,,,,,,,,,,,,,,,,,,,,,,,
specimen,12598,Leporillus sp.,125.499998,-25.716671,,,,,,,,,,,,,,,,,,,,,,,,,,,,,,,,,,,,,,,,,,,,,,,,,,,
specimen,12625,Leporillus sp.,125.549993,-25.247227,,,,,,,,,,,,,,,,,,,,,,,,,,,,,,,,,,,,,,,,,,,,,,,,,,,
specimen,12593,Leporillus sp.,125.549994,-25.650006,,,,,,,,,,,,,,,,,,,,,,,,,,,,,,,,,,,,,,,,,,,,,,,,,,,
specimen,12673,Leporillus sp.,125.583325,-25.050002,,,,,,,,,,,,,,,,,,,,,,,,,,,,,,,,,,,,,,,,,,,,,,,,,,,
specimen,12649,Leporillus sp.,125.616666,-27.100004,,,,,,,,,,,,,,,,,,,,,,,,,,,,,,,,,,,,,,,,,,,,,,,,,,,
specimen,12629,Leporillus sp.,125.666657,-26.850007,,,,,,,,,,,,,,,,,,,,,,,,,,,,,,,,,,,,,,,,,,,,,,,,,,,
specimen,12651,Leporillus sp.,125.666657,-26.850007,,,,,,,,,,,,,,,,,,,,,,,,,,,,,,,,,,,,,,,,,,,,,,,,,,,
specimen,12595,Leporillus sp.,125.866665,-26.600004,,,,,,,,,,,,,,,,,,,,,,,,,,,,,,,,,,,,,,,,,,,,,,,,,,,
specimen,12626,Leporillus sp.,125.930548,-25.772228,,,,,,,,,,,,,,,,,,,,,,,,,,,,,,,,,,,,,,,,,,,,,,,,,,,
specimen,12681,Leporillus sp.,125.949998,-26.783336,,,,,,,,,,,,,,,,,,,,,,,,,,,,,,,,,,,,,,,,,,,,,,,,,,,
specimen,12704,Leporillus sp.,125.966663,-26.050009,,,,,,,,,,,,,,,,,,,,,,,,,,,,,,,,,,,,,,,,,,,,,,,,,,,
specimen,12596,Leporillus sp.,126.016660,-26.516670,,,,,,,,,,,,,,,,,,,,,,,,,,,,,,,,,,,,,,,,,,,,,,,,,,,
specimen,12631,Leporillus sp.,126.016660,-26.516670,,,,,,,,,,,,,,,,,,,,,,,,,,,,,,,,,,,,,,,,,,,,,,,,,,,
specimen,12650,Leporillus sp.,126.083327,-28.300008,,,,,,,,,,,,,,,,,,,,,,,,,,,,,,,,,,,,,,,,,,,,,,,,,,,
specimen,12627,Leporillus sp.,126.199990,-25.750004,,,,,,,,,,,,,,,,,,,,,,,,,,,,,,,,,,,,,,,,,,,,,,,,,,,
specimen,12632,Leporillus sp.,126.291657,-27.000001,,,,,,,,,,,,,,,,,,,,,,,,,,,,,,,,,,,,,,,,,,,,,,,,,,,
specimen,12635,Leporillus sp.,126.366659,-27.050003,,,,,,,,,,,,,,,,,,,,,,,,,,,,,,,,,,,,,,,,,,,,,,,,,,,
specimen,12597,Leporillus sp.,126.366663,-26.833335,,,,,,,,,,,,,,,,,,,,,,,,,,,,,,,,,,,,,,,,,,,,,,,,,,,
specimen,12633,Leporillus sp.,126.380555,-26.831950,,,,,,,,,,,,,,,,,,,,,,,,,,,,,,,,,,,,,,,,,,,,,,,,,,,
specimen,12648,Leporillus sp.,126.416664,-27.066667,,,,,,,,,,,,,,,,,,,,,,,,,,,,,,,,,,,,,,,,,,,,,,,,,,,
specimen,12647,Leporillus sp.,126.433326,-27.233339,,,,,,,,,,,,,,,,,,,,,,,,,,,,,,,,,,,,,,,,,,,,,,,,,,,
specimen,12636,Leporillus sp.,126.449994,-26.758334,,,,,,,,,,,,,,,,,,,,,,,,,,,,,,,,,,,,,,,,,,,,,,,,,,,
specimen,12637,Leporillus sp.,126.466660,-26.666673,,,,,,,,,,,,,,,,,,,,,,,,,,,,,,,,,,,,,,,,,,,,,,,,,,,
specimen,12634,Leporillus sp.,126.483327,-27.166673,,,,,,,,,,,,,,,,,,,,,,,,,,,,,,,,,,,,,,,,,,,,,,,,,,,
specimen,12682,Leporillus sp.,126.533327,-26.600004,,,,,,,,,,,,,,,,,,,,,,,,,,,,,,,,,,,,,,,,,,,,,,,,,,,
specimen,12630,Leporillus sp.,127.399990,-25.800007,,,,,,,,,,,,,,,,,,,,,,,,,,,,,,,,,,,,,,,,,,,,,,,,,,,
specimen,12734,Leporillus sp.,127.433331,-26.183336,,,,,,,,,,,,,,,,,,,,,,,,,,,,,,,,,,,,,,,,,,,,,,,,,,,
specimen,CAA04,Leporillus sp.,127.913333,-26.158333,,,,,,,,,,,,,,,,,,,,,,,,,,,,,,,,,,,,,,,,,,,,,,,,,,,
specimen,12680,Leporillus sp.,128.966661,-28.750002,,,,,,,,,,,,,,,,,,,,,,,,,,,,,,,,,,,,,,,,,,,,,,,,,,,
specimen,12602,Leporillus sp.,129.183333,-28.916667,,,,,,,,,,,,,,,,,,,,,,,,,,,,,,,,,,,,,,,,,,,,,,,,,,,
specimen,12591,Leporillus sp.,129.358326,-25.916674,,,,,,,,,,,,,,,,,,,,,,,,,,,,,,,,,,,,,,,,,,,,,,,,,,,
specimen,12605,Leporillus sp.,129.999996,-31.366676,,,,,,,,,,,,,,,,,,,,,,,,,,,,,,,,,,,,,,,,,,,,,,,,,,,
specimen,12730,Leporillus sp.,130.449998,-26.450008,,,,,,,,,,,,,,,,,,,,,,,,,,,,,,,,,,,,,,,,,,,,,,,,,,,
specimen,12606,Leporillus sp.,130.708331,-31.323619,,,,,,,,,,,,,,,,,,,,,,,,,,,,,,,,,,,,,,,,,,,,,,,,,,,
specimen,12668,Leporillus sp.,130.716660,-31.322227,,,,,,,,,,,,,,,,,,,,,,,,,,,,,,,,,,,,,,,,,,,,,,,,,,,
specimen,12669,Leporillus sp.,130.741659,-31.202779,,,,,,,,,,,,,,,,,,,,,,,,,,,,,,,,,,,,,,,,,,,,,,,,,,,
specimen,12667,Leporillus sp.,130.865269,-31.366672, Pinnacles Station,,,,,,,,,,,,,,,,,,,,,,,,,,,,,,,,,,,,,,,,,,,,,,,,,,
specimen,12672,Leporillus sp.,131.037496,-31.248612,,,,,,,,,,,,,,,,,,,,,,,,,,,,,,,,,,,,,,,,,,,,,,,,,,,
specimen,12670,Leporillus sp.,131.047218,-31.155558,,,,,,,,,,,,,,,,,,,,,,,,,,,,,,,,,,,,,,,,,,,,,,,,,,,
specimen,12665,Leporillus sp.,131.072221,-31.294447,,,,,,,,,,,,,,,,,,,,,,,,,,,,,,,,,,,,,,,,,,,,,,,,,,,
specimen,12666,Leporillus sp.,131.383331,-31.027786,,,,,,,,,,,,,,,,,,,,,,,,,,,,,,,,,,,,,,,,,,,,,,,,,,,
specimen,12671,Leporillus sp.,131.383333,-31.033342,,,,,,,,,,,,,,,,,,,,,,,,,,,,,,,,,,,,,,,,,,,,,,,,,,,
specimen,Berry (1993),Leporillus sp.,131.683333,-24.316667,,,,,,,,,,,,,,,,,,,,,,,,,,,,,,,,,,,,,,,,,,,,,,,,,,,
specimen,Berry (1993),Leporillus sp.,131.683333,-24.316667,,,,,,,,,,,,,,,,,,,,,,,,,,,,,,,,,,,,,,,,,,,,,,,,,,,
specimen,FinkeA22,Leporillus sp.,132.200000,-24.433333,,,,,,,,,,,,,,,,,,,,,,,,,,,,,,,,,,,,,,,,,,,,,,,,,,,
specimen,FinkeF4,Leporillus sp.,132.200000,-24.433333,,,,,,,,,,,,,,,,,,,,,,,,,,,,,,,,,,,,,,,,,,,,,,,,,,,
specimen,FinkeG15,Leporillus sp.,132.200000,-24.433333,,,,,,,,,,,,,,,,,,,,,,,,,,,,,,,,,,,,,,,,,,,,,,,,,,,
specimen,FinkeH19,Leporillus sp.,132.200000,-24.433333,,,,,,,,,,,,,,,,,,,,,,,,,,,,,,,,,,,,,,,,,,,,,,,,,,,
specimen,FinkeI16,Leporillus sp.,132.200000,-24.433333,,,,,,,,,,,,,,,,,,,,,,,,,,,,,,,,,,,,,,,,,,,,,,,,,,,
specimen,12600,Leporillus sp.,132.433328,-27.033334,,,,,,,,,,,,,,,,,,,,,,,,,,,,,,,,,,,,,,,,,,,,,,,,,,,
specimen,"Nelson et al (1990) , ",Leporillus sp.,133.000000,-24.000000,,,,,,,,,,,,,,,,,,,,,,,,,,,,,,,,,,,,,,,,,,,,,,,,,,,
specimen,"Nelson et al (1990) , ",Leporillus sp.,133.000000,-24.000000,,,,,,,,,,,,,,,,,,,,,,,,,,,,,,,,,,,,,,,,,,,,,,,,,,,
specimen,12570,Leporillus sp.,133.249999,-26.583339,,,,,,,,,,,,,,,,,,,,,,,,,,,,,,,,,,,,,,,,,,,,,,,,,,,
specimen,12617,Leporillus sp.,133.266665,-26.566672,,,,,,,,,,,,,,,,,,,,,,,,,,,,,,,,,,,,,,,,,,,,,,,,,,,
specimen,12616,Leporillus sp.,133.449999,-26.983335,,,,,,,,,,,,,,,,,,,,,,,,,,,,,,,,,,,,,,,,,,,,,,,,,,,
specimen,GRD12,Leporillus sp.,133.498611,-26.953056,,,,,,,,,,,,,,,,,,,,,,,,,,,,,,,,,,,,,,,,,,,,,,,,,,,
specimen,12618,Leporillus sp.,133.508332,-26.950006,,,,,,,,,,,,,,,,,,,,,,,,,,,,,,,,,,,,,,,,,,,,,,,,,,,
specimen,12620,Leporillus sp.,133.749991,-26.950008,,,,,,,,,,,,,,,,,,,,,,,,,,,,,,,,,,,,,,,,,,,,,,,,,,,
specimen,12619,Leporillus sp.,133.774991,-26.041672,,,,,,,,,,,,,,,,,,,,,,,,,,,,,,,,,,,,,,,,,,,,,,,,,,,
specimen,12638,Leporillus sp.,133.899998,-25.891671,,,,,,,,,,,,,,,,,,,,,,,,,,,,,,,,,,,,,,,,,,,,,,,,,,,
specimen,12588,Leporillus sp.,133.899998,-25.800009,,,,,,,,,,,,,,,,,,,,,,,,,,,,,,,,,,,,,,,,,,,,,,,,,,,
specimen,12639,Leporillus sp.,133.949992,-25.883337,,,,,,,,,,,,,,,,,,,,,,,,,,,,,,,,,,,,,,,,,,,,,,,,,,,
specimen,12640,Leporillus sp.,134.074993,-25.958336,,,,,,,,,,,,,,,,,,,,,,,,,,,,,,,,,,,,,,,,,,,,,,,,,,,
specimen,12697,Leporillus sp.,134.083327,-28.166669,,,,,,,,,,,,,,,,,,,,,,,,,,,,,,,,,,,,,,,,,,,,,,,,,,,
specimen,12610,Leporillus sp.,134.166662,-27.966675, Shark Bay,,,,,,,,,,,,,,,,,,,,,,,,,,,,,,,,,,,,,,,,,,,,,,,,,,
specimen,12609,Leporillus sp.,134.183326,-27.966675,,,,,,,,,,,,,,,,,,,,,,,,,,,,,,,,,,,,,,,,,,,,,,,,,,,
specimen,USA127,Leporillus sp.,134.198333,-25.830000,,,,,,,,,,,,,,,,,,,,,,,,,,,,,,,,,,,,,,,,,,,,,,,,,,,
specimen,USA131,Leporillus sp.,134.198333,-25.830000,,,,,,,,,,,,,,,,,,,,,,,,,,,,,,,,,,,,,,,,,,,,,,,,,,,
specimen,USA16,Leporillus sp.,134.198333,-25.830000,,,,,,,,,,,,,,,,,,,,,,,,,,,,,,,,,,,,,,,,,,,,,,,,,,,
specimen,USA22,Leporillus sp.,134.198333,-25.830000,,,,,,,,,,,,,,,,,,,,,,,,,,,,,,,,,,,,,,,,,,,,,,,,,,,
specimen,USB10,Leporillus sp.,134.198333,-25.830000,,,,,,,,,,,,,,,,,,,,,,,,,,,,,,,,,,,,,,,,,,,,,,,,,,,
specimen,USB10,Leporillus sp.,134.198333,-25.830000,,,,,,,,,,,,,,,,,,,,,,,,,,,,,,,,,,,,,,,,,,,,,,,,,,,
specimen,USB11,Leporillus sp.,134.198333,-25.830000,,,,,,,,,,,,,,,,,,,,,,,,,,,,,,,,,,,,,,,,,,,,,,,,,,,
specimen,USB13,Leporillus sp.,134.198333,-25.830000,,,,,,,,,,,,,,,,,,,,,,,,,,,,,,,,,,,,,,,,,,,,,,,,,,,
specimen,USC191,Leporillus sp.,134.198333,-25.830000,,,,,,,,,,,,,,,,,,,,,,,,,,,,,,,,,,,,,,,,,,,,,,,,,,,
specimen,USC31,Leporillus sp.,134.198333,-25.830000,,,,,,,,,,,,,,,,,,,,,,,,,,,,,,,,,,,,,,,,,,,,,,,,,,,
specimen,USC39,Leporillus sp.,134.198333,-25.830000,,,,,,,,,,,,,,,,,,,,,,,,,,,,,,,,,,,,,,,,,,,,,,,,,,,
specimen,USC89,Leporillus sp.,134.198333,-25.830000,,,,,,,,,,,,,,,,,,,,,,,,,,,,,,,,,,,,,,,,,,,,,,,,,,,
specimen,USC99,Leporillus sp.,134.198333,-25.830000,,,,,,,,,,,,,,,,,,,,,,,,,,,,,,,,,,,,,,,,,,,,,,,,,,,
specimen,USE72,Leporillus sp.,134.198333,-25.830000,,,,,,,,,,,,,,,,,,,,,,,,,,,,,,,,,,,,,,,,,,,,,,,,,,,
specimen,USF06,Leporillus sp.,134.198333,-25.830000,,,,,,,,,,,,,,,,,,,,,,,,,,,,,,,,,,,,,,,,,,,,,,,,,,,
specimen,USG22,Leporillus sp.,134.198333,-25.830000,,,,,,,,,,,,,,,,,,,,,,,,,,,,,,,,,,,,,,,,,,,,,,,,,,,
specimen,USI76,Leporillus sp.,134.198333,-25.830000,,,,,,,,,,,,,,,,,,,,,,,,,,,,,,,,,,,,,,,,,,,,,,,,,,,
specimen,USJ7,Leporillus sp.,134.198333,-25.830000,,,,,,,,,,,,,,,,,,,,,,,,,,,,,,,,,,,,,,,,,,,,,,,,,,,
specimen,USK14,Leporillus sp.,134.198333,-25.830000,,,,,,,,,,,,,,,,,,,,,,,,,,,,,,,,,,,,,,,,,,,,,,,,,,,
specimen,USL7,Leporillus sp.,134.198333,-25.830000,,,,,,,,,,,,,,,,,,,,,,,,,,,,,,,,,,,,,,,,,,,,,,,,,,,
specimen,USM40,Leporillus sp.,134.198333,-25.830000,,,,,,,,,,,,,,,,,,,,,,,,,,,,,,,,,,,,,,,,,,,,,,,,,,,
specimen,USN104,Leporillus sp.,134.198333,-25.830000,,,,,,,,,,,,,,,,,,,,,,,,,,,,,,,,,,,,,,,,,,,,,,,,,,,
specimen,USN138,Leporillus sp.,134.198333,-25.830000,,,,,,,,,,,,,,,,,,,,,,,,,,,,,,,,,,,,,,,,,,,,,,,,,,,
specimen,USN160,Leporillus sp.,134.198333,-25.830000,,,,,,,,,,,,,,,,,,,,,,,,,,,,,,,,,,,,,,,,,,,,,,,,,,,
specimen,USN279,Leporillus sp.,134.198333,-25.830000,,,,,,,,,,,,,,,,,,,,,,,,,,,,,,,,,,,,,,,,,,,,,,,,,,,
specimen,USN363,Leporillus sp.,134.198333,-25.830000,,,,,,,,,,,,,,,,,,,,,,,,,,,,,,,,,,,,,,,,,,,,,,,,,,,
specimen,12599,Leporillus sp.,134.208324,-28.225002,,,,,,,,,,,,,,,,,,,,,,,,,,,,,,,,,,,,,,,,,,,,,,,,,,,
specimen,12603,Leporillus sp.,134.249991,-28.183335,,,,,,,,,,,,,,,,,,,,,,,,,,,,,,,,,,,,,,,,,,,,,,,,,,,
specimen,12732,Leporillus sp.,134.249993,-26.200005,,,,,,,,,,,,,,,,,,,,,,,,,,,,,,,,,,,,,,,,,,,,,,,,,,,
specimen,12613,Leporillus sp.,134.258327,-27.883339,,,,,,,,,,,,,,,,,,,,,,,,,,,,,,,,,,,,,,,,,,,,,,,,,,,
specimen,12612,Leporillus sp.,134.266657,-27.900002,,,,,,,,,,,,,,,,,,,,,,,,,,,,,,,,,,,,,,,,,,,,,,,,,,,
specimen,12698,Leporillus sp.,134.266666,-28.200007,,,,,,,,,,,,,,,,,,,,,,,,,,,,,,,,,,,,,,,,,,,,,,,,,,,
specimen,12701,Leporillus sp.,134.266666,-28.200007,,,,,,,,,,,,,,,,,,,,,,,,,,,,,,,,,,,,,,,,,,,,,,,,,,,
specimen,12611,Leporillus sp.,134.283324,-27.933336,,,,,,,,,,,,,,,,,,,,,,,,,,,,,,,,,,,,,,,,,,,,,,,,,,,
specimen,CHA14,Leporillus sp.,134.317222,-27.885556,,,,,,,,,,,,,,,,,,,,,,,,,,,,,,,,,,,,,,,,,,,,,,,,,,,
specimen,CHA42,Leporillus sp.,134.317222,-27.885556,,,,,,,,,,,,,,,,,,,,,,,,,,,,,,,,,,,,,,,,,,,,,,,,,,,
specimen,CHB15,Leporillus sp.,134.317222,-27.885556,,,,,,,,,,,,,,,,,,,,,,,,,,,,,,,,,,,,,,,,,,,,,,,,,,,
specimen,CHB41,Leporillus sp.,134.317222,-27.885556,,,,,,,,,,,,,,,,,,,,,,,,,,,,,,,,,,,,,,,,,,,,,,,,,,,
specimen,CHC119,Leporillus sp.,134.317222,-27.885556,,,,,,,,,,,,,,,,,,,,,,,,,,,,,,,,,,,,,,,,,,,,,,,,,,,
specimen,CHC22,Leporillus sp.,134.317222,-27.885556,,,,,,,,,,,,,,,,,,,,,,,,,,,,,,,,,,,,,,,,,,,,,,,,,,,
specimen,CHC24,Leporillus sp.,134.317222,-27.885556,,,,,,,,,,,,,,,,,,,,,,,,,,,,,,,,,,,,,,,,,,,,,,,,,,,
specimen,CHC42,Leporillus sp.,134.317222,-27.885556,,,,,,,,,,,,,,,,,,,,,,,,,,,,,,,,,,,,,,,,,,,,,,,,,,,
specimen,CHD17,Leporillus sp.,134.317222,-27.885556,,,,,,,,,,,,,,,,,,,,,,,,,,,,,,,,,,,,,,,,,,,,,,,,,,,
specimen,CHD18,Leporillus sp.,134.317222,-27.885556,,,,,,,,,,,,,,,,,,,,,,,,,,,,,,,,,,,,,,,,,,,,,,,,,,,
specimen,12608,Leporillus sp.,134.333326,-28.025003,,,,,,,,,,,,,,,,,,,,,,,,,,,,,,,,,,,,,,,,,,,,,,,,,,,
specimen,12707,Leporillus sp.,134.333332,-28.533334,,,,,,,,,,,,,,,,,,,,,,,,,,,,,,,,,,,,,,,,,,,,,,,,,,,
specimen,CRA9,Leporillus sp.,134.500000,-23.500000,,,,,,,,,,,,,,,,,,,,,,,,,,,,,,,,,,,,,,,,,,,,,,,,,,,
specimen,107232,Leporillus sp.,134.519490,-27.387250,,,,,,,,,,,,,,,,,,,,,,,,,,,,,,,,,,,,,,,,,,,,,,,,,,,
specimen,12601,Leporillus sp.,134.583328,-28.800001,,,,,,,,,,,,,,,,,,,,,,,,,,,,,,,,,,,,,,,,,,,,,,,,,,,
specimen,12615,Leporillus sp.,134.599997,-27.700008,,,,,,,,,,,,,,,,,,,,,,,,,,,,,,,,,,,,,,,,,,,,,,,,,,,
specimen,12614,Leporillus sp.,134.608328,-27.900007,,,,,,,,,,,,,,,,,,,,,,,,,,,,,,,,,,,,,,,,,,,,,,,,,,,
specimen,ARLT01,Leporillus sp.,134.700000,-23.450000,,,,,,,,,,,,,,,,,,,,,,,,,,,,,,,,,,,,,,,,,,,,,,,,,,,
specimen,ARLTG8,Leporillus sp.,134.700000,-23.450000,,,,,,,,,,,,,,,,,,,,,,,,,,,,,,,,,,,,,,,,,,,,,,,,,,,
specimen,ARLTH10,Leporillus sp.,134.700000,-23.450000,,,,,,,,,,,,,,,,,,,,,,,,,,,,,,,,,,,,,,,,,,,,,,,,,,,
specimen,ARLTK2,Leporillus sp.,134.700000,-23.450000,,,,,,,,,,,,,,,,,,,,,,,,,,,,,,,,,,,,,,,,,,,,,,,,,,,
specimen,ARLTN15,Leporillus sp.,134.700000,-23.450000,,,,,,,,,,,,,,,,,,,,,,,,,,,,,,,,,,,,,,,,,,,,,,,,,,,
specimen,ARLTP5,Leporillus sp.,134.700000,-23.450000,,,,,,,,,,,,,,,,,,,,,,,,,,,,,,,,,,,,,,,,,,,,,,,,,,,
specimen,12702,Leporillus sp.,134.749999,-29.433342,,,,,,,,,,,,,,,,,,,,,,,,,,,,,,,,,,,,,,,,,,,,,,,,,,,
specimen,12586,Leporillus sp.,135.199996,-25.883342,,,,,,,,,,,,,,,,,,,,,,,,,,,,,,,,,,,,,,,,,,,,,,,,,,,
specimen,12587,Leporillus sp.,135.199996,-25.883342,,,,,,,,,,,,,,,,,,,,,,,,,,,,,,,,,,,,,,,,,,,,,,,,,,,
specimen,12664,Leporillus sp.,135.433328,-26.216676,,,,,,,,,,,,,,,,,,,,,,,,,,,,,,,,,,,,,,,,,,,,,,,,,,,
specimen,378,Leporillus sp.,135.694243,-32.385580,,,,,,,,,,,,,,,,,,,,,,,,,,,,,,,,,,,,,,,,,,,,,,,,,,,
specimen,12709,Leporillus sp.,135.833325,-34.583336,,,,,,,,,,,,,,,,,,,,,,,,,,,,,,,,,,,,,,,,,,,,,,,,,,,
specimen,12706,Leporillus sp.,135.999994,-27.666671,,,,,,,,,,,,,,,,,,,,,,,,,,,,,,,,,,,,,,,,,,,,,,,,,,,
specimen,12607,Leporillus sp.,136.333326,-31.183337,,,,,,,,,,,,,,,,,,,,,,,,,,,,,,,,,,,,,,,,,,,,,,,,,,,
specimen,12872,Leporillus sp.,137.099991,-33.200002, Peron Peninsula,,,,,,,,,,,,,,,,,,,,,,,,,,,,,,,,,,,,,,,,,,,,,,,,,,
specimen,12686,Leporillus sp.,137.166662,-33.016667,,,,,,,,,,,,,,,,,,,,,,,,,,,,,,,,,,,,,,,,,,,,,,,,,,,
specimen,12685,Leporillus sp.,137.166664,-33.033341,,,,,,,,,,,,,,,,,,,,,,,,,,,,,,,,,,,,,,,,,,,,,,,,,,,
specimen,12687,Leporillus sp.,137.166665,-33.050006,,,,,,,,,,,,,,,,,,,,,,,,,,,,,,,,,,,,,,,,,,,,,,,,,,,
specimen,12705,Leporillus sp.,137.433331,-32.750001,,,,,,,,,,,,,,,,,,,,,,,,,,,,,,,,,,,,,,,,,,,,,,,,,,,
specimen,12653,Leporillus sp.,137.499995,-29.500005,,,,,,,,,,,,,,,,,,,,,,,,,,,,,,,,,,,,,,,,,,,,,,,,,,,
specimen,12675,Leporillus sp.,138.066658,-32.083338,,,,,,,,,,,,,,,,,,,,,,,,,,,,,,,,,,,,,,,,,,,,,,,,,,,
specimen,12652,Leporillus sp.,138.416666,-30.550001, NE Cape Cuvier,,,,,,,,,,,,,,,,,,,,,,,,,,,,,,,,,,,,,,,,,,,,,,,,,,
specimen,BR1 (base),Leporillus sp.,138.550000,-31.350000,,,,,,,,,,,,,,,,,,,,,,,,,,,,,,,,,,,,,,,,,,,,,,,,,,,
specimen,BR1 (base),Leporillus sp.,138.550000,-31.350000,,,,,,,,,,,,,,,,,,,,,,,,,,,,,,,,,,,,,,,,,,,,,,,,,,,
specimen,BR1 (top),Leporillus sp.,138.550000,-31.350000,,,,,,,,,,,,,,,,,,,,,,,,,,,,,,,,,,,,,,,,,,,,,,,,,,,
specimen,BR1 (top),Leporillus sp.,138.550000,-31.350000,,,,,,,,,,,,,,,,,,,,,,,,,,,,,,,,,,,,,,,,,,,,,,,,,,,
specimen,BR2 (middle),Leporillus sp.,138.550000,-31.350000,,,,,,,,,,,,,,,,,,,,,,,,,,,,,,,,,,,,,,,,,,,,,,,,,,,
specimen,BR3 (base),Leporillus sp.,138.550000,-31.350000,,,,,,,,,,,,,,,,,,,,,,,,,,,,,,,,,,,,,,,,,,,,,,,,,,,
specimen,BR3 (base),Leporillus sp.,138.550000,-31.350000,,,,,,,,,,,,,,,,,,,,,,,,,,,,,,,,,,,,,,,,,,,,,,,,,,,
specimen,BR3 (top),Leporillus sp.,138.550000,-31.350000,,,,,,,,,,,,,,,,,,,,,,,,,,,,,,,,,,,,,,,,,,,,,,,,,,,
specimen,BR3 (top),Leporillus sp.,138.550000,-31.350000,,,,,,,,,,,,,,,,,,,,,,,,,,,,,,,,,,,,,,,,,,,,,,,,,,,
specimen,BR4 (10cm),Leporillus sp.,138.550000,-31.350000,,,,,,,,,,,,,,,,,,,,,,,,,,,,,,,,,,,,,,,,,,,,,,,,,,,
specimen,BR4 (10cm),Leporillus sp.,138.550000,-31.350000,,,,,,,,,,,,,,,,,,,,,,,,,,,,,,,,,,,,,,,,,,,,,,,,,,,
specimen,BR4 (10cm),Leporillus sp.,138.550000,-31.350000,,,,,,,,,,,,,,,,,,,,,,,,,,,,,,,,,,,,,,,,,,,,,,,,,,,
specimen,BR4 (20cm),Leporillus sp.,138.550000,-31.350000,,,,,,,,,,,,,,,,,,,,,,,,,,,,,,,,,,,,,,,,,,,,,,,,,,,
specimen,BR4 (30cm),Leporillus sp.,138.550000,-31.350000,,,,,,,,,,,,,,,,,,,,,,,,,,,,,,,,,,,,,,,,,,,,,,,,,,,
specimen,BR4 (40cm),Leporillus sp.,138.550000,-31.350000,,,,,,,,,,,,,,,,,,,,,,,,,,,,,,,,,,,,,,,,,,,,,,,,,,,
specimen,BR4 (50cm),Leporillus sp.,138.550000,-31.350000,,,,,,,,,,,,,,,,,,,,,,,,,,,,,,,,,,,,,,,,,,,,,,,,,,,
specimen,BR4 (60cm),Leporillus sp.,138.550000,-31.350000,,,,,,,,,,,,,,,,,,,,,,,,,,,,,,,,,,,,,,,,,,,,,,,,,,,
specimen,BR4 (60cm),Leporillus sp.,138.550000,-31.350000,,,,,,,,,,,,,,,,,,,,,,,,,,,,,,,,,,,,,,,,,,,,,,,,,,,
specimen,BR4 (60cm),Leporillus sp.,138.550000,-31.350000,,,,,,,,,,,,,,,,,,,,,,,,,,,,,,,,,,,,,,,,,,,,,,,,,,,
specimen,BR7 (base),Leporillus sp.,138.550000,-31.350000,,,,,,,,,,,,,,,,,,,,,,,,,,,,,,,,,,,,,,,,,,,,,,,,,,,
specimen,BRACHINA 1 GORGE,Leporillus sp.,138.550000,-31.350000,,,,,,,,,,,,,,,,,,,,,,,,,,,,,,,,,,,,,,,,,,,,,,,,,,,
specimen,BRACHINA 2,Leporillus sp.,138.550000,-31.350000,,,,,,,,,,,,,,,,,,,,,,,,,,,,,,,,,,,,,,,,,,,,,,,,,,,
specimen,12737,Leporillus sp.,138.749996,-31.500002, Pingandie Stn,,,,,,,,,,,,,,,,,,,,,,,,,,,,,,,,,,,,,,,,,,,,,,,,,,
specimen,107226,Leporillus sp.,138.774186,-29.392107,,,,,,,,,,,,,,,,,,,,,,,,,,,,,,,,,,,,,,,,,,,,,,,,,,,
specimen,113906,Leporillus sp.,138.819529,-30.340722,,,,,,,,,,,,,,,,,,,,,,,,,,,,,,,,,,,,,,,,,,,,,,,,,,,
specimen,12735,Leporillus sp.,138.833325,-31.500006,,,,,,,,,,,,,,,,,,,,,,,,,,,,,,,,,,,,,,,,,,,,,,,,,,,
specimen,12654,Leporillus sp.,138.916662,-32.150000,,,,,,,,,,,,,,,,,,,,,,,,,,,,,,,,,,,,,,,,,,,,,,,,,,,
specimen,12656,Leporillus sp.,138.916662,-32.150000,,,,,,,,,,,,,,,,,,,,,,,,,,,,,,,,,,,,,,,,,,,,,,,,,,,
specimen,12676,Leporillus sp.,138.916662,-32.150000,,,,,,,,,,,,,,,,,,,,,,,,,,,,,,,,,,,,,,,,,,,,,,,,,,,
specimen,12731,Leporillus sp.,139.149994,-30.566667,,,,,,,,,,,,,,,,,,,,,,,,,,,,,,,,,,,,,,,,,,,,,,,,,,,
specimen,12569,Leporillus sp.,139.216664,-30.683335,,,,,,,,,,,,,,,,,,,,,,,,,,,,,,,,,,,,,,,,,,,,,,,,,,,
specimen,12683,Leporillus sp.,139.266662,-30.966673,,,,,,,,,,,,,,,,,,,,,,,,,,,,,,,,,,,,,,,,,,,,,,,,,,,
specimen,114227,Leporillus sp.,139.273877,-30.175476,,,,,,,,,,,,,,,,,,,,,,,,,,,,,,,,,,,,,,,,,,,,,,,,,,,
specimen,12604,Leporillus sp.,139.283325,-30.666668,,,,,,,,,,,,,,,,,,,,,,,,,,,,,,,,,,,,,,,,,,,,,,,,,,,
specimen,CG1,Leporillus sp.,139.333333,-30.966667,,,,,,,,,,,,,,,,,,,,,,,,,,,,,,,,,,,,,,,,,,,,,,,,,,,
specimen,MC1 (centre),Leporillus sp.,139.333333,-30.966667,,,,,,,,,,,,,,,,,,,,,,,,,,,,,,,,,,,,,,,,,,,,,,,,,,,
specimen,MC1 (exposed base),Leporillus sp.,139.333333,-30.966667,,,,,,,,,,,,,,,,,,,,,,,,,,,,,,,,,,,,,,,,,,,,,,,,,,,
specimen,MC2 (overhang),Leporillus sp.,139.333333,-30.966667,,,,,,,,,,,,,,,,,,,,,,,,,,,,,,,,,,,,,,,,,,,,,,,,,,,
specimen,MC2 (top),Leporillus sp.,139.333333,-30.966667,,,,,,,,,,,,,,,,,,,,,,,,,,,,,,,,,,,,,,,,,,,,,,,,,,,
specimen,MC2 (top),Leporillus sp.,139.333333,-30.966667,,,,,,,,,,,,,,,,,,,,,,,,,,,,,,,,,,,,,,,,,,,,,,,,,,,
specimen,MD3,Leporillus sp.,139.333333,-30.966667,,,,,,,,,,,,,,,,,,,,,,,,,,,,,,,,,,,,,,,,,,,,,,,,,,,
specimen,SAJQ85L,Leporillus sp.,139.333333,-30.966667,,,,,,,,,,,,,,,,,,,,,,,,,,,,,,,,,,,,,,,,,,,,,,,,,,,
specimen,SAJQ85L,Leporillus sp.,139.333333,-30.966667,,,,,,,,,,,,,,,,,,,,,,,,,,,,,,,,,,,,,,,,,,,,,,,,,,,
specimen,SAJQ85R,Leporillus sp.,139.333333,-30.966667,,,,,,,,,,,,,,,,,,,,,,,,,,,,,,,,,,,,,,,,,,,,,,,,,,,
specimen,SAJQ85R(base),Leporillus sp.,139.333333,-30.966667,,,,,,,,,,,,,,,,,,,,,,,,,,,,,,,,,,,,,,,,,,,,,,,,,,,
specimen,SAJQ85R(base),Leporillus sp.,139.333333,-30.966667,,,,,,,,,,,,,,,,,,,,,,,,,,,,,,,,,,,,,,,,,,,,,,,,,,,
specimen,SAJQ89,Leporillus sp.,139.333333,-30.966667,,,,,,,,,,,,,,,,,,,,,,,,,,,,,,,,,,,,,,,,,,,,,,,,,,,
specimen,SAJQ/79i,Leporillus sp.,139.333333,-30.333333,,,,,,,,,,,,,,,,,,,,,,,,,,,,,,,,,,,,,,,,,,,,,,,,,,,
specimen,SAJQ/79ii,Leporillus sp.,139.333333,-30.333333,,,,,,,,,,,,,,,,,,,,,,,,,,,,,,,,,,,,,,,,,,,,,,,,,,,
specimen,SAJQ/79ii,Leporillus sp.,139.333333,-30.333333,,,,,,,,,,,,,,,,,,,,,,,,,,,,,,,,,,,,,,,,,,,,,,,,,,,
specimen,SAJQ/85Li,Leporillus sp.,139.333333,-30.333333,,,,,,,,,,,,,,,,,,,,,,,,,,,,,,,,,,,,,,,,,,,,,,,,,,,
specimen,SAJQ/85Lii,Leporillus sp.,139.333333,-30.333333,,,,,,,,,,,,,,,,,,,,,,,,,,,,,,,,,,,,,,,,,,,,,,,,,,,
specimen,SAJQ/85Rii,Leporillus sp.,139.333333,-30.333333,,,,,,,,,,,,,,,,,,,,,,,,,,,,,,,,,,,,,,,,,,,,,,,,,,,
specimen,SAJQ/85Rii,Leporillus sp.,139.333333,-30.333333,,,,,,,,,,,,,,,,,,,,,,,,,,,,,,,,,,,,,,,,,,,,,,,,,,,
specimen,SAJQ76,Leporillus sp.,139.333333,-30.333333,,,,,,,,,,,,,,,,,,,,,,,,,,,,,,,,,,,,,,,,,,,,,,,,,,,
specimen,SAJQ77,Leporillus sp.,139.333333,-30.333333,,,,,,,,,,,,,,,,,,,,,,,,,,,,,,,,,,,,,,,,,,,,,,,,,,,
specimen,SAJQ78,Leporillus sp.,139.333333,-30.333333,,,,,,,,,,,,,,,,,,,,,,,,,,,,,,,,,,,,,,,,,,,,,,,,,,,
specimen,SAJQ79,Leporillus sp.,139.333333,-30.333333,,,,,,,,,,,,,,,,,,,,,,,,,,,,,,,,,,,,,,,,,,,,,,,,,,,
specimen,SAJQ91,Leporillus sp.,139.333333,-30.333333,,,,,,,,,,,,,,,,,,,,,,,,,,,,,,,,,,,,,,,,,,,,,,,,,,,
specimen,SAJQ92,Leporillus sp.,139.333333,-30.333333,,,,,,,,,,,,,,,,,,,,,,,,,,,,,,,,,,,,,,,,,,,,,,,,,,,
specimen,12694,Leporillus sp.,140.166662,-32.050002,,,,,,,,,,,,,,,,,,,,,,,,,,,,,,,,,,,,,,,,,,,,,,,,,,,
specimen,6603,Leporillus sp.,140.178334,-32.719478,,,,,,,,,,,,,,,,,,,,,,,,,,,,,,,,,,,,,,,,,,,,,,,,,,,
specimen,12642,Leporillus sp.,140.199999,-32.716669,,,,,,,,,,,,,,,,,,,,,,,,,,,,,,,,,,,,,,,,,,,,,,,,,,,
specimen,12729,Leporillus sp.,140.383332,-34.225009,,,,,,,,,,,,,,,,,,,,,,,,,,,,,,,,,,,,,,,,,,,,,,,,,,,
specimen,12567,Leporillus sp.,140.783331,-37.833334,,,,,,,,,,,,,,,,,,,,,,,,,,,,,,,,,,,,,,,,,,,,,,,,,,,
specimen,12710,Leporillus sp.,140.916663,-32.450008,,,,,,,,,,,,,,,,,,,,,,,,,,,,,,,,,,,,,,,,,,,,,,,,,,,
specimen,12579,Leporillus sp.,141.499990,-31.183336,,,,,,,,,,,,,,,,,,,,,,,,,,,,,,,,,,,,,,,,,,,,,,,,,,,
specimen,12582,Leporillus sp.,141.766659,-29.083341,,,,,,,,,,,,,,,,,,,,,,,,,,,,,,,,,,,,,,,,,,,,,,,,,,,
specimen,12583,Leporillus sp.,141.883327,-29.083337,,,,,,,,,,,,,,,,,,,,,,,,,,,,,,,,,,,,,,,,,,,,,,,,,,,
specimen,12584,Leporillus sp.,141.949991,-29.033333,,,,,,,,,,,,,,,,,,,,,,,,,,,,,,,,,,,,,,,,,,,,,,,,,,,
specimen,12577,Leporillus sp.,142.333324,-32.666672,,,,,,,,,,,,,,,,,,,,,,,,,,,,,,,,,,,,,,,,,,,,,,,,,,,
specimen,GAP RANGE E (GHE) LOWER RIGHT,Leporillus sp.,142.566667,-31.066667,,,,,,,,,,,,,,,,,,,,,,,,,,,,,,,,,,,,,,,,,,,,,,,,,,,
specimen,GH E1,Leporillus sp.,142.566667,-31.066667,,,,,,,,,,,,,,,,,,,,,,,,,,,,,,,,,,,,,,,,,,,,,,,,,,,
specimen,GH E2,Leporillus sp.,142.566667,-31.066667,,,,,,,,,,,,,,,,,,,,,,,,,,,,,,,,,,,,,,,,,,,,,,,,,,,
specimen,GH E3 (I),Leporillus sp.,142.566667,-31.066667,,,,,,,,,,,,,,,,,,,,,,,,,,,,,,,,,,,,,,,,,,,,,,,,,,,
specimen,GH E3 (II),Leporillus sp.,142.566667,-31.066667,,,,,,,,,,,,,,,,,,,,,,,,,,,,,,,,,,,,,,,,,,,,,,,,,,,
specimen,GH E3 (III),Leporillus sp.,142.566667,-31.066667,,,,,,,,,,,,,,,,,,,,,,,,,,,,,,,,,,,,,,,,,,,,,,,,,,,
specimen,GH E4,Leporillus sp.,142.566667,-31.066667,,,,,,,,,,,,,,,,,,,,,,,,,,,,,,,,,,,,,,,,,,,,,,,,,,,
specimen,GH E5 (I),Leporillus sp.,142.566667,-31.066667,,,,,,,,,,,,,,,,,,,,,,,,,,,,,,,,,,,,,,,,,,,,,,,,,,,
specimen,GH E5 (II) lower left,Leporillus sp.,142.566667,-31.066667,,,,,,,,,,,,,,,,,,,,,,,,,,,,,,,,,,,,,,,,,,,,,,,,,,,
specimen,GH3 (I),Leporillus sp.,142.566667,-31.066667,,,,,,,,,,,,,,,,,,,,,,,,,,,,,,,,,,,,,,,,,,,,,,,,,,,
specimen,GH3 (ii),Leporillus sp.,142.566667,-31.066667,,,,,,,,,,,,,,,,,,,,,,,,,,,,,,,,,,,,,,,,,,,,,,,,,,,
specimen,GH4 (top),Leporillus sp.,142.566667,-31.066667,,,,,,,,,,,,,,,,,,,,,,,,,,,,,,,,,,,,,,,,,,,,,,,,,,,
specimen,GH6 (base),Leporillus sp.,142.566667,-31.066667,,,,,,,,,,,,,,,,,,,,,,,,,,,,,,,,,,,,,,,,,,,,,,,,,,,
specimen,GH6 (top),Leporillus sp.,142.566667,-31.066667,,,,,,,,,,,,,,,,,,,,,,,,,,,,,,,,,,,,,,,,,,,,,,,,,,,
specimen,ARK1,Leporillus sp.,142.566667,-30.066667,,,,,,,,,,,,,,,,,,,,,,,,,,,,,,,,,,,,,,,,,,,,,,,,,,,
specimen,ARK1,Leporillus sp.,142.566667,-30.066667,,,,,,,,,,,,,,,,,,,,,,,,,,,,,,,,,,,,,,,,,,,,,,,,,,,
specimen,HH1 base,Leporillus sp.,142.566667,-30.066667,,,,,,,,,,,,,,,,,,,,,,,,,,,,,,,,,,,,,,,,,,,,,,,,,,,
specimen,HH1 top,Leporillus sp.,142.566667,-30.066667,,,,,,,,,,,,,,,,,,,,,,,,,,,,,,,,,,,,,,,,,,,,,,,,,,,
specimen,NWCK 1,Leporillus sp.,142.566667,-30.066667,,,,,,,,,,,,,,,,,,,,,,,,,,,,,,,,,,,,,,,,,,,,,,,,,,,
specimen,NWCK 2,Leporillus sp.,142.566667,-30.066667,,,,,,,,,,,,,,,,,,,,,,,,,,,,,,,,,,,,,,,,,,,,,,,,,,,
specimen,OT1,Leporillus sp.,142.566667,-30.066667,,,,,,,,,,,,,,,,,,,,,,,,,,,,,,,,,,,,,,,,,,,,,,,,,,,
specimen,OT1,Leporillus sp.,142.566667,-30.066667,,,,,,,,,,,,,,,,,,,,,,,,,,,,,,,,,,,,,,,,,,,,,,,,,,,
specimen,RC 1,Leporillus sp.,142.566667,-30.066667,,,,,,,,,,,,,,,,,,,,,,,,,,,,,,,,,,,,,,,,,,,,,,,,,,,
specimen,RC 2,Leporillus sp.,142.566667,-30.066667,,,,,,,,,,,,,,,,,,,,,,,,,,,,,,,,,,,,,,,,,,,,,,,,,,,
specimen,RC3 base,Leporillus sp.,142.566667,-30.066667,,,,,,,,,,,,,,,,,,,,,,,,,,,,,,,,,,,,,,,,,,,,,,,,,,,
specimen,WF,Leporillus sp.,142.566667,-30.066667,,,,,,,,,,,,,,,,,,,,,,,,,,,,,,,,,,,,,,,,,,,,,,,,,,,
specimen,GH1 (base),Leporillus sp.,142.600000,-31.166667,,,,,,,,,,,,,,,,,,,,,,,,,,,,,,,,,,,,,,,,,,,,,,,,,,,
specimen,GH1 (top),Leporillus sp.,142.600000,-31.166667,,,,,,,,,,,,,,,,,,,,,,,,,,,,,,,,,,,,,,,,,,,,,,,,,,,
specimen,GH2,Leporillus sp.,142.600000,-31.166667,,,,,,,,,,,,,,,,,,,,,,,,,,,,,,,,,,,,,,,,,,,,,,,,,,,
specimen,GH4 (base),Leporillus sp.,142.600000,-31.166667,,,,,,,,,,,,,,,,,,,,,,,,,,,,,,,,,,,,,,,,,,,,,,,,,,,
specimen,GH5 (I),Leporillus sp.,142.600000,-31.166667,,,,,,,,,,,,,,,,,,,,,,,,,,,,,,,,,,,,,,,,,,,,,,,,,,,
specimen,GH5 (II),Leporillus sp.,142.600000,-31.166667,,,,,,,,,,,,,,,,,,,,,,,,,,,,,,,,,,,,,,,,,,,,,,,,,,,
specimen,GH8 (front),Leporillus sp.,142.600000,-31.166667,,,,,,,,,,,,,,,,,,,,,,,,,,,,,,,,,,,,,,,,,,,,,,,,,,,
specimen,Green et al (1983),Leporillus sp.,142.600000,-31.166667,,,,,,,,,,,,,,,,,,,,,,,,,,,,,,,,,,,,,,,,,,,,,,,,,,,
specimen,RC3 top,Leporillus sp.,142.600000,-31.166667,,,,,,,,,,,,,,,,,,,,,,,,,,,,,,,,,,,,,,,,,,,,,,,,,,,
specimen,C7,Leporillus sp.,142.600000,-30.866667,,,,,,,,,,,,,,,,,,,,,,,,,,,,,,,,,,,,,,,,,,,,,,,,,,,
specimen,C8 (front left),Leporillus sp.,142.600000,-30.866667,,,,,,,,,,,,,,,,,,,,,,,,,,,,,,,,,,,,,,,,,,,,,,,,,,,
specimen,12578,Leporillus sp.,142.699999,-31.116670,,,,,,,,,,,,,,,,,,,,,,,,,,,,,,,,,,,,,,,,,,,,,,,,,,,
,,,,,,,,,,,,,,,,,,,,,,,,,,,,,,,,,,,,,,,,,,,,,,,,,,,,,,,
,,,,,,,,,,,,,,,,,,,,,,,,,,,,,,,,,,,,,,,,,,,,,,,,,,,,,,,
,,,,,,,,,,,,,,,,,,,,,,,,,,,,,,,,,,,,,,,,,,,,,,,,,,,,,,,
,,,,,,,,,,,,,,,,,,,,,,,,,,,,,,,,,,,,,,,,,,,,,,,,,,,,,,,
,,,,,,,,,,,,,,,,,,,,,,,,,,,,,,,,,,,,,,,,,,,,,,,,,,,,,,,
,,,,,,,,,,,,,,,,,,,,,,,,,,,,,,,,,,,,,,,,,,,,,,,,,,,,,,,
,,,,,,,,,,,,,,,,,,,,,,,,,,,,,,,,,,,,,,,,,,,,,,,,,,,,,,,
,,,,,,,,,,,,,,,,,,,,,,,,,,,,,,,,,,,,,,,,,,,,,,,,,,,,,,,
,,,,,,,,,,,,,,,,,,,,,,,,,,,,,,,,,,,,,,,,,,,,,,,,,,,,,,,
,,,,,,,,,,,,,,,,,,,,,,,,,,,,,,,,,,,,,,,,,,,,,,,,,,,,,,,
,,,,,,,,,,,,,,,,,,,,,,,,,,,,,,,,,,,,,,,,,,,,,,,,,,,,,,,
,,,,,,,,,,,,,,,,,,,,,,,,,,,,,,,,,,,,,,,,,,,,,,,,,,,,,,,
,,,,,,,,,,,,,,,,,,,,,,,,,,,,,,,,,,,,,,,,,,,,,,,,,,,,,,,
,,,,,,,,,,,,,,,,,,,,,,,,,,,,,,,,,,,,,,,,,,,,,,,,,,,,,,,
,,,,,,,,,,,,,,,,,,,,,,,,,,,,,,,,,,,,,,,,,,,,,,,,,,,,,,,
,,,,,,,,,,,,,,,,,,,,,,,,,,,,,,,,,,,,,,,,,,,,,,,,,,,,,,,
,,,,,,,,,,,,,,,,,,,,,,,,,,,,,,,,,,,,,,,,,,,,,,,,,,,,,,,
,,,,,,,,,,,,,,,,,,,,,,,,,,,,,,,,,,,,,,,,,,,,,,,,,,,,,,,
,,,,,,,,,,,,,,,,,,,,,,,,,,,,,,,,,,,,,,,,,,,,,,,,,,,,,,,
,,,,,,,,,,,,,,,,,,,,,,,,,,,,,,,,,,,,,,,,,,,,,,,,,,,,,,,
,,,,,,,,,,,,,,,,,,,,,,,,,,,,,,,,,,,,,,,,,,,,,,,,,,,,,,,
,,,,,,,,,,,,,,,,,,,,,,,,,,,,,,,,,,,,,,,,,,,,,,,,,,,,,,,
,,,,,,,,,,,,,,,,,,,,,,,,,,,,,,,,,,,,,,,,,,,,,,,,,,,,,,,
,,,,,,,,,,,,,,,,,,,,,,,,,,,,,,,,,,,,,,,,,,,,,,,,,,,,,,,
,,,,,,,,,,,,,,,,,,,,,,,,,,,,,,,,,,,,,,,,,,,,,,,,,,,,,,,
,,,,,,,,,,,,,,,,,,,,,,,,,,,,,,,,,,,,,,,,,,,,,,,,,,,,,,,
,,,,,,,,,,,,,,,,,,,,,,,,,,,,,,,,,,,,,,,,,,,,,,,,,,,,,,,
,,,,,,,,,,,,,,,,,,,,,,,,,,,,,,,,,,,,,,,,,,,,,,,,,,,,,,,
,,,,,,,,,,,,,,,,,,,,,,,,,,,,,,,,,,,,,,,,,,,,,,,,,,,,,,,
,,,,,,,,,,,,,,,,,,,,,,,,,,,,,,,,,,,,,,,,,,,,,,,,,,,,,,,
,,,,,,,,,,,,,,,,,,,,,,,,,,,,,,,,,,,,,,,,,,,,,,,,,,,,,,,
,,,,,,,,,,,,,,,,,,,,,,,,,,,,,,,,,,,,,,,,,,,,,,,,,,,,,,,
,,,,,,,,,,,,,,,,,,,,,,,,,,,,,,,,,,,,,,,,,,,,,,,,,,,,,,,
,,,,,,,,,,,,,,,,,,,,,,,,,,,,,,,,,,,,,,,,,,,,,,,,,,,,,,,
,,,,,,,,,,,,,,,,,,,,,,,,,,,,,,,,,,,,,,,,,,,,,,,,,,,,,,,
,,,,,,,,,,,,,,,,,,,,,,,,,,,,,,,,,,,,,,,,,,,,,,,,,,,,,,,
,,,,,,,,,,,,,,,,,,,,,,,,,,,,,,,,,,,,,,,,,,,,,,,,,,,,,,,
,,,,,,,,,,,,,,,,,,,,,,,,,,,,,,,,,,,,,,,,,,,,,,,,,,,,,,,
,,,,,,,,,,,,,,,,,,,,,,,,,,,,,,,,,,,,,,,,,,,,,,,,,,,,,,,
,,,,,,,,,,,,,,,,,,,,,,,,,,,,,,,,,,,,,,,,,,,,,,,,,,,,,,,
,,,,,,,,,,,,,,,,,,,,,,,,,,,,,,,,,,,,,,,,,,,,,,,,,,,,,,,
,,,,,,,,,,,,,,,,,,,,,,,,,,,,,,,,,,,,,,,,,,,,,,,,,,,,,,,
,,,,,,,,,,,,,,,,,,,,,,,,,,,,,,,,,,,,,,,,,,,,,,,,,,,,,,,
,,,,,,,,,,,,,,,,,,,,,,,,,,,,,,,,,,,,,,,,,,,,,,,,,,,,,,,
,,,,,,,,,,,,,,,,,,,,,,,,,,,,,,,,,,,,,,,,,,,,,,,,,,,,,,,
,,,,,,,,,,,,,,,,,,,,,,,,,,,,,,,,,,,,,,,,,,,,,,,,,,,,,,,
,,,,,,,,,,,,,,,,,,,,,,,,,,,,,,,,,,,,,,,,,,,,,,,,,,,,,,,
,,,,,,,,,,,,,,,,,,,,,,,,,,,,,,,,,,,,,,,,,,,,,,,,,,,,,,,
,,,,,,,,,,,,,,,,,,,,,,,,,,,,,,,,,,,,,,,,,,,,,,,,,,,,,,,
,,,,,,,,,,,,,,,,,,,,,,,,,,,,,,,,,,,,,,,,,,,,,,,,,,,,,,,
,,,,,,,,,,,,,,,,,,,,,,,,,,,,,,,,,,,,,,,,,,,,,,,,,,,,,,,
,,,,,,,,,,,,,,,,,,,,,,,,,,,,,,,,,,,,,,,,,,,,,,,,,,,,,,,
,,,,,,,,,,,,,,,,,,,,,,,,,,,,,,,,,,,,,,,,,,,,,,,,,,,,,,,
,,,,,,,,,,,,,,,,,,,,,,,,,,,,,,,,,,,,,,,,,,,,,,,,,,,,,,,
,,,,,,,,,,,,,,,,,,,,,,,,,,,,,,,,,,,,,,,,,,,,,,,,,,,,,,,
,,,,,,,,,,,,,,,,,,,,,,,,,,,,,,,,,,,,,,,,,,,,,,,,,,,,,,,
,,,,,,,,,,,,,,,,,,,,,,,,,,,,,,,,,,,,,,,,,,,,,,,,,,,,,,,
,,,,,,,,,,,,,,,,,,,,,,,,,,,,,,,,,,,,,,,,,,,,,,,,,,,,,,,
,,,,,,,,,,,,,,,,,,,,,,,,,,,,,,,,,,,,,,,,,,,,,,,,,,,,,,,
,,,,,,,,,,,,,,,,,,,,,,,,,,,,,,,,,,,,,,,,,,,,,,,,,,,,,,,
,,,,,,,,,,,,,,,,,,,,,,,,,,,,,,,,,,,,,,,,,,,,,,,,,,,,,,,
,,,,,,,,,,,,,,,,,,,,,,,,,,,,,,,,,,,,,,,,,,,,,,,,,,,,,,,
,,,,,,,,,,,,,,,,,,,,,,,,,,,,,,,,,,,,,,,,,,,,,,,,,,,,,,,
,,,,,,,,,,,,,,,,,,,,,,,,,,,,,,,,,,,,,,,,,,,,,,,,,,,,,,,
,,,,,,,,,,,,,,,,,,,,,,,,,,,,,,,,,,,,,,,,,,,,,,,,,,,,,,,
,,,,,,,,,,,,,,,,,,,,,,,,,,,,,,,,,,,,,,,,,,,,,,,,,,,,,,,
,,,,,,,,,,,,,,,,,,,,,,,,,,,,,,,,,,,,,,,,,,,,,,,,,,,,,,,
,,,,,,,,,,,,,,,,,,,,,,,,,,,,,,,,,,,,,,,,,,,,,,,,,,,,,,,
,,,,,,,,,,,,,,,,,,,,,,,,,,,,,,,,,,,,,,,,,,,,,,,,,,,,,,,
,,,,,,,,,,,,,,,,,,,,,,,,,,,,,,,,,,,,,,,,,,,,,,,,,,,,,,,
,,,,,,,,,,,,,,,,,,,,,,,,,,,,,,,,,,,,,,,,,,,,,,,,,,,,,,,
,,,,,,,,,,,,,,,,,,,,,,,,,,,,,,,,,,,,,,,,,,,,,,,,,,,,,,,
,,,,,,,,,,,,,,,,,,,,,,,,,,,,,,,,,,,,,,,,,,,,,,,,,,,,,,,
,,,,,,,,,,,,,,,,,,,,,,,,,,,,,,,,,,,,,,,,,,,,,,,,,,,,,,,
,,,,,,,,,,,,,,,,,,,,,,,,,,,,,,,,,,,,,,,,,,,,,,,,,,,,,,,
,,,,,,,,,,,,,,,,,,,,,,,,,,,,,,,,,,,,,,,,,,,,,,,,,,,,,,,
,,,,,,,,,,,,,,,,,,,,,,,,,,,,,,,,,,,,,,,,,,,,,,,,,,,,,,,
,,,,,,,,,,,,,,,,,,,,,,,,,,,,,,,,,,,,,,,,,,,,,,,,,,,,,,,
,,,,,,,,,,,,,,,,,,,,,,,,,,,,,,,,,,,,,,,,,,,,,,,,,,,,,,,
,,,,,,,,,,,,,,,,,,,,,,,,,,,,,,,,,,,,,,,,,,,,,,,,,,,,,,,
,,,,,,,,,,,,,,,,,,,,,,,,,,,,,,,,,,,,,,,,,,,,,,,,,,,,,,,
,,,,,,,,,,,,,,,,,,,,,,,,,,,,,,,,,,,,,,,,,,,,,,,,,,,,,,,
,,,,,,,,,,,,,,,,,,,,,,,,,,,,,,,,,,,,,,,,,,,,,,,,,,,,,,,
,,,,,,,,,,,,,,,,,,,,,,,,,,,,,,,,,,,,,,,,,,,,,,,,,,,,,,,
,,,,,,,,,,,,,,,,,,,,,,,,,,,,,,,,,,,,,,,,,,,,,,,,,,,,,,,
,,,,,,,,,,,,,,,,,,,,,,,,,,,,,,,,,,,,,,,,,,,,,,,,,,,,,,,
,,,,,,,,,,,,,,,,,,,,,,,,,,,,,,,,,,,,,,,,,,,,,,,,,,,,,,,
,,,,,,,,,,,,,,,,,,,,,,,,,,,,,,,,,,,,,,,,,,,,,,,,,,,,,,,
,,,,,,,,,,,,,,,,,,,,,,,,,,,,,,,,,,,,,,,,,,,,,,,,,,,,,,,
,,,,,,,,,,,,,,,,,,,,,,,,,,,,,,,,,,,,,,,,,,,,,,,,,,,,,,,
,,,,,,,,,,,,,,,,,,,,,,,,,,,,,,,,,,,,,,,,,,,,,,,,,,,,,,,
,,,,,,,,,,,,,,,,,,,,,,,,,,,,,,,,,,,,,,,,,,,,,,,,,,,,,,,
,,,,,,,,,,,,,,,,,,,,,,,,,,,,,,,,,,,,,,,,,,,,,,,,,,,,,,,
,,,,,,,,,,,,,,,,,,,,,,,,,,,,,,,,,,,,,,,,,,,,,,,,,,,,,,,
,,,,,,,,,,,,,,,,,,,,,,,,,,,,,,,,,,,,,,,,,,,,,,,,,,,,,,,
,,,,,,,,,,,,,,,,,,,,,,,,,,,,,,,,,,,,,,,,,,,,,,,,,,,,,,,
,,,,,,,,,,,,,,,,,,,,,,,,,,,,,,,,,,,,,,,,,,,,,,,,,,,,,,,
,,,,,,,,,,,,,,,,,,,,,,,,,,,,,,,,,,,,,,,,,,,,,,,,,,,,,,,
,,,,,,,,,,,,,,,,,,,,,,,,,,,,,,,,,,,,,,,,,,,,,,,,,,,,,,,
,,,,,,,,,,,,,,,,,,,,,,,,,,,,,,,,,,,,,,,,,,,,,,,,,,,,,,,
,,,,,,,,,,,,,,,,,,,,,,,,,,,,,,,,,,,,,,,,,,,,,,,,,,,,,,,
