Author's description,Publication date,Author,geology,plants,Latitude,Longitude,Latitude,Longitude,Location (State),"Institution (University of New South Wales, University of Wollongong)",Age estimate,STDEV,RADIOCARBON LAB.,,TYPE OF ANALYSIS,MATERIAL ANALYSED,MATERIAL ANALYSED,DELTA13 CORRECTION (if known),PHYSICAL PRETREATMENT,CHEMICAL PRETREATMENT,POSITION,Builder,
"Nelson et al (1990) , ",1990,Nelson,,ad,24,133,133,-24,Finke Gorge (NT),A3989,-1660,100,A3989,,Conventional,,?,,,,T,,
"Nelson et al (1990) , ",1990,Nelson,,ad,24,133,133,-24,Finke Gorge (NT),A3990,-2780,100,A3990,,Conventional,,?,,,,B,,
Berry (1993),1993,Berry,,2,24 19,131 41,131.683333,-24.316667,,MaqU,-3500,90,BETA-23022,,Conventional,PLANT FRAGMENTS,PLANT FRAGMENTS,,,,B,,OZA318 (one result only) 10900 +- 90
Berry (1993),1993,Berry,,2,24 19,131 41,131.683333,-24.316667,,MaqU,-1700,90,BETA-23023,,Conventional,PLANT FRAGMENTS,PLANT FRAGMENTS,,,,T,,
FinkeG15,2002,Cockerill,,,,132.2,132.2,-24.433333,Amphitheatre,University of Newcastle,360,82,Waikato,,Conventional,SNR scats,,,,,,,
FinkeI16,2002,Cockerill,,,,,132.2,-24.433333,Amphitheatre,University of Newcastle,552,128,Waikato,,Conventional,SNR scats,,,,,,,
FinkeA22,2002,Cockerill,,,,,132.2,-24.433333,Amphitheatre,University of Newcastle,756,78,Waikato,,Conventional,SNR scats,,,,,,,
FinkeH19,2002,Cockerill,,,,,132.2,-24.433333,Amphitheatre,University of Newcastle,988,66,Waikato,,Conventional,SNR scats,,,,,,,
FinkeF4,2002,Cockerill,,,,,132.2,-24.433333,Amphitheatre,University of Newcastle,3090,65,Waikato,,Conventional,SNR scats,,,,,,,
ARLTG8,2002,Webeck,,,,,134.7,-23.45,Arltunga,University of Newcastle,2500,40,OZF197,,AMS,SNR scats,,,,,,Leporillis apicalis,
ARLTH10,2002,Webeck,,,,,134.7,-23.45,Arltunga,University of Newcastle,606,136,Waikato9581,,Conventional,SNR scats,,,,,,Leporillis apicalis,
ARLTK2,2002,Webeck,,,,,134.7,-23.45,Arltunga,University of Newcastle,835,62,Waikato9582,,Conventional,SNR scats,,,,,,Leporillis apicalis,
ARLTP5,2002,Webeck,Quartzite,,,,134.7,-23.45,Arltunga,University of Newcastle,Modern,,Waikato9583,,Conventional,SNR scats,,,,,,Leporillis apicalis,
ARLT01,2002,Webeck,,,,,134.7,-23.45,Arltunga,University of Newcastle,Modern,,Waikato9584,,Conventional,SNR scats,,,,,,Leporillis apicalis,
ARLTN15,2002,Webeck,,,,,134.7,-23.45,Arltunga,University of Newcastle,433,60,Waikato9585,,Conventional,SNR scats,,,,,,Leporillis apicalis,
QVB107,1997,Pearson,,af,"30 19'44""","123 16'02""",123.267222,-30.328889,Queen Victoria Springs (WA),UNSW,-80,50,?OZA968U,1,AMS,PLANT FRAGMENTS,PLANT FRAGMENTS,-25,,,B,,
USC191,1997,Pearson,,ag,"25 49'48""","134 11'54""",134.198333,-25.83,Umbeara Station (NT),UNSW,NOT DATABLE,,ANSTO,,AMS,SCAT,SCAT,-25,,,,,
PTA121A,1997,Pearson,,ae,"28 25'11""","122 58'37""",122.976944,-28.419722,Pine Tree Caves (WA),UNSW,-1950,70,BETA-67212,,Conventional,GRASS MAT,GRASS,-25,,,T,,
PTA234b,1997,Pearson,,ae,"28 25'11""","122 58'37""",122.976944,-28.419722,Pine Tree Caves (WA),UNSW,-20,80,BETA-68231,,Conventional,PLANT FRAGMENTS,PLANT FRAGMENTS,-25,,,A,,
QVA464,1997,Pearson,,af,"30 19'44""","123 16'02""",123.267222,-30.328889,Queen Victoria Springs (WA),UNSW,-590,55,BETA-76571,,Conventional,PLANT FRAGMENTS,PLANT FRAGMENTS,-25,,,T,,
USC89,1997,Pearson,,ag,"25 49'48""","134 11'54""",134.198333,-25.83,Umbeara Station (NT),UNSW,-250,60,BETA-76573,,Conventional,PLANT FRAGMENTS,PLANT FRAGMENTS,-25,,,T,,
USC99,1997,Pearson,,ag,"25 49'48""","134 11'54""",134.198333,-25.83,Umbeara Station (NT),UNSW,101.1pMC+ 0.7%,0,BETA-76574,,Conventional,PLANT FRAGMENTS,PLANT FRAGMENTS,-25,,,T,,
USE72,1997,Pearson,,ag,"25 49'48""","134 11'54""",134.198333,-25.83,Umbeara Station (NT),UNSW,-1470,70,BETA-76575,,Conventional,PLANT FRAGMENTS,PLANT FRAGMENTS,-25,,,A,,
USN279,1997,Pearson,,ag,"25 49'48""","134 11'54""",134.198333,-25.83,Umbeara Station (NT),UNSW,-80,50,BETA-76576,,Conventional,GRASS,GRASS,-25,,,T,,
USN363,1997,Pearson,,ag,"25 49'48""","134 11'54""",134.198333,-25.83,Umbeara Station (NT),UNSW,-170,60,BETA-76577,,Conventional,PLANT FRAGMENTS,PLANT FRAGMENTS,-25,,,B,,
CHC22,1997,Pearson,,5,"27 53' 08""","134 19'02""",134.317222,-27.885556,Copper Hills (SA),UNSW,-1540,110,OZA181,1,AMS,ACACIA PHYLLODE,LEAF,-27,No physical pretreatment,"AAA treatment: 2M HCl at 60oC for 5 hours then room temperature for 15 hours, 2% NaOH at 60oC for 5 hours then room temperature for 15 hours, 2M HCl at 60oC for 5 hours then washed in deionised water.",B,,
CHC24,1997,Pearson,,5,"27 53' 08""","134 19'02""",134.317222,-27.885556,Copper Hills (SA),UNSW,-1530,50,OZA182,1,AMS,SCAT,SCAT,-25,"Crushed, sieved particles greater than 0.2mm retained. For larger samples fibrous materials removed for dating.  For smaller samples all sieve material used.","AAA treatment: 2M HCl at 60oC for 5 hours then room temperature for 15 hours, 2% NaOH at 60oC for 5 hours then room temperature for 15 hours, 2M HCl at 60oC for 5 hours then washed in deionised water.",B,,
CHD17,1997,Pearson,,5,"27 53' 08""","134 19'02""",134.317222,-27.885556,Copper Hills (SA),UNSW,-1130,60,OZA183,1,AMS,SCAT,SCAT,-21.3,"Crushed, sieved particles greater than 0.2mm retained. For larger samples fibrous materials removed for dating.  For smaller samples all sieve material used.","AAA treatment: 2M HCl at 60oC for 5 hours then room temperature for 15 hours, 2% NaOH at 60oC for 5 hours then room temperature for 15 hours, 2M HCl at 60oC for 5 hours then washed in deionised water.",B,,
CHD18,1997,Pearson,,5,"27 53' 08""","134 19'02""",134.317222,-27.885556,Copper Hills (SA),UNSW,-940,60,OZA184,1,AMS,ACACIA PHYLLODE,LEAF,-27,No physical pretreatment,"AAA treatment: 2M HCl at 60oC for 5 hours then room temperature for 15 hours, 2% NaOH at 60oC for 5 hours then room temperature for 15 hours, 2M HCl at 60oC for 5 hours then washed in deionised water.",B,,
QVA312,1997,Pearson,,af,"30 19'44""","123 16'02""",123.267222,-30.328889,Queen Victoria Springs (WA),UNSW,-530,70,OZA185,1,AMS,SCAT,SCAT,-25.8,,not listed,B,,
USA16,1997,Pearson,,ag,"25 49'48""","134 11'54""",134.198333,-25.83,Umbeara Station (NT),UNSW,-2280,120,OZA186U,1,AMS,SCAT,SCAT,-25,"Crushed, sieved particles greater than 0.2mm retained. For larger samples fibrous materials removed for dating.  For smaller samples all sieve material used.","AAA treatment: 2M HCl at 60oC for 5 hours then room temperature for 15 hours, 2% NaOH at 60oC for 5 hours then room temperature for 15 hours, 2M HCl at 60oC for 5 hours then washed in deionised water.",B,,
USA22,1997,Pearson,,ag,"25 49'48""","134 11'54""",134.198333,-25.83,Umbeara Station (NT),UNSW,-2330,120,OZA187,1,AMS,ACACIA PHYLLODE,LEAF,-27,No physical pretreatment,"AAA treatment: 2M HCl at 60oC for 5 hours then room temperature for 15 hours, 2% NaOH at 60oC for 5 hours then room temperature for 15 hours, 2M HCl at 60oC for 5 hours then washed in deionised water.",B,,
USB10,1997,Pearson,,ag,"25 49'48""","134 11'54""",134.198333,-25.83,Umbeara Station (NT),UNSW,-3310,80,OZA188U1,1,AMS,SCAT,SCAT,-25,"Crushed, sieved particles greater than 0.2mm retained. For larger samples fibrous materials removed for dating.  For smaller samples all sieve material used.","AAA treatment: 2M HCl at 60oC for 5 hours then room temperature for 15 hours, 2% NaOH at 60oC for 5 hours then room temperature for 15 hours, 2M HCl at 60oC for 5 hours then washed in deionised water.",A,,
USB10,1997,Pearson,,ag,"25 49'48""","134 11'54""",134.198333,-25.83,Umbeara Station (NT),UNSW,-3350,80,OZA188U2,1,AMS,SCAT,SCAT,-25,"Crushed, sieved particles greater than 0.2mm retained. For larger samples fibrous materials removed for dating.  For smaller samples all sieve material used.","AAA treatment: 2M HCl at 60oC for 5 hours then room temperature for 15 hours, 2% NaOH at 60oC for 5 hours then room temperature for 15 hours, 2M HCl at 60oC for 5 hours then washed in deionised water.",A,,
USB11,1997,Pearson,,ag,"25 49'48""","134 11'54""",134.198333,-25.83,Umbeara Station (NT),UNSW,-3450,70,OZA189,1,AMS,AMBERAT,AMBERAT,-23.8,,,A,,
USB13,1997,Pearson,,ag,"25 49'48""","134 11'54""",134.198333,-25.83,Umbeara Station (NT),UNSW,-3330,190,OZA190,1,AMS,ACACIA PHYLLODE,LEAF,-24.4,No physical pretreatment,"AAA treatment: 2M HCl at 60oC for 5 hours then room temperature for 15 hours, 2% NaOH at 60oC for 5 hours then room temperature for 15 hours, 2M HCl at 60oC for 5 hours then washed in deionised water.",A,,
USC31,1997,Pearson,,ag,"25 49'48""","134 11'54""",134.198333,-25.83,Umbeara Station (NT),UNSW,101.55pMC+ 0.4%,0,OZA191,1,AMS,SKIN,SKIN,-21.8,No physical treatment,"2M HCl at 60oC for 1 hour, then at room te,perature for 15 hours, washed in deionised water",T,,
USC39,1997,Pearson,,ag,"25 49'48""","134 11'54""",134.198333,-25.83,Umbeara Station (NT),UNSW,-410,165,OZA192,1,AMS,ACACIA PHYLLODE,LEAF,-27,No physical pretreatment,"AAA treatment: 2M HCl at 60oC for 5 hours then room temperature for 15 hours, 2% NaOH at 60oC for 5 hours then room temperature for 15 hours, 2M HCl at 60oC for 5 hours then washed in deionised water.",T,,
QVB37,1997,Pearson,,af,"30 19'44""","123 16'02""",123.267222,-30.328889,Queen Victoria Springs (WA),UNSW,-410,40,OZA314,1,AMS,SCAT,SCAT,-25,,not listed,A,,
USF06,1997,Pearson,,ag,"25 49'48""","134 11'54""",134.198333,-25.83,Umbeara Station (NT),UNSW,-310,40,OZA961U,1,AMS,SCAT,SCAT,-25,"Crushed, sieved particles greater than 0.2mm retained. For larger samples fibrous materials removed for dating.  For smaller samples all sieve material used.","AAA treatment: 2M HCl at 60oC for 5 hours then room temperature for 15 hours, 2% NaOH at 60oC for 5 hours then room temperature for 15 hours, 2M HCl at 60oC for 5 hours then washed in deionised water.",A,,
USN138,1997,Pearson,,ag,"25 49'48""","134 11'54""",134.198333,-25.83,Umbeara Station (NT),UNSW,-1150,50,OZA962,1,AMS,SCAT,SCAT,-25,"Crushed, sieved particles greater than 0.2mm retained. For larger samples fibrous materials removed for dating.  For smaller samples all sieve material used.","AAA treatment: 2M HCl at 60oC for 5 hours then room temperature for 15 hours, 2% NaOH at 60oC for 5 hours then room temperature for 15 hours, 2M HCl at 60oC for 5 hours then washed in deionised water.",M,,
USN104,1997,Pearson,,ag,"25 49'48""","134 11'54""",134.198333,-25.83,Umbeara Station (NT),UNSW,-2380,40,OZA963,1,AMS,ACACIA PHYLLODE,LEAF,-25,No physical pretreatment,"AAA treatment: 2M HCl at 60oC for 5 hours then room temperature for 15 hours, 2% NaOH at 60oC for 5 hours then room temperature for 15 hours, 2M HCl at 60oC for 5 hours then washed in deionised water.",B,,
USM40,1997,Pearson,,ag,"25 49'48""","134 11'54""",134.198333,-25.83,Umbeara Station (NT),UNSW,-1310,60,OZA964U,1,AMS,BARK,BARK,-25,"Soil & dust removed, sample milled and sieved, fragments larger than 0.5mm retained for dating","AAA treatment: 2M HCl at 60oC for 5 hours then room temperature for 15 hours, 2% NaOH at 60oC for 5 hours then room temperature for 15 hours, 2M HCl at 60oC for 5 hours then washed in deionised water.",T,,
USN160,1997,Pearson,,ag,"25 49'48""","134 11'54""",134.198333,-25.83,Umbeara Station (NT),UNSW,-360,50,OZA965U,1,AMS,PLANT FRAGMENTS,PLANT FRAGMENTS,-25,"Soil & dust removed, sample milled and sieved, fragments larger than 0.5mm retained for dating","AAA treatment: 2M HCl at 60oC for 5 hours then room temperature for 15 hours, 2% NaOH at 60oC for 5 hours then room temperature for 15 hours, 2M HCl at 60oC for 5 hours then washed in deionised water.",T,,
USK14,1997,Pearson,,ag,"25 49'48""","134 11'54""",134.198333,-25.83,Umbeara Station (NT),UNSW,-510,50,OZA966U,1,AMS,SCAT,SCAT,-25,"Crushed, sieved particles greater than 0.2mm retained. For larger samples fibrous materials removed for dating.  For smaller samples all sieve material used.","AAA treatment: 2M HCl at 60oC for 5 hours then room temperature for 15 hours, 2% NaOH at 60oC for 5 hours then room temperature for 15 hours, 2M HCl at 60oC for 5 hours then washed in deionised water.",T,,
USJ7,1997,Pearson,,ag,"25 49'48""","134 11'54""",134.198333,-25.83,Umbeara Station (NT),UNSW,-1140,40,OZA967,1,AMS,SCAT,SCAT,-25,"Crushed, sieved particles greater than 0.2mm retained. For larger samples fibrous materials removed for dating.  For smaller samples all sieve material used.","AAA treatment: 2M HCl at 60oC for 5 hours then room temperature for 15 hours, 2% NaOH at 60oC for 5 hours then room temperature for 15 hours, 2M HCl at 60oC for 5 hours then washed in deionised water.",T,,
QVB37,1997,Pearson,,af,"30 19'44""","123 16'02""",123.267222,-30.328889,Queen Victoria Springs (WA),UNSW,-340,40,OZA968,1,AMS,SCAT,SCAT,-25,"Crushed, sieved particles greater than 0.2mm retained. For larger samples fibrous materials removed for dating.  For smaller samples all sieve material used.","AAA treatment: 2M HCl at 60oC for 5 hours then room temperature for 15 hours, 2% NaOH at 60oC for 5 hours then room temperature for 15 hours, 2M HCl at 60oC for 5 hours then washed in deionised water.",B,,
USI76,1997,Pearson,,ag,"25 49'48""","134 11'54""",134.198333,-25.83,Umbeara Station (NT),UNSW,-1720,60,OZA969U,1,AMS,SCAT,SCAT,-25,"Crushed, sieved particles greater than 0.2mm retained. For larger samples fibrous materials removed for dating.  For smaller samples all sieve material used.","AAA treatment: 2M HCl at 60oC for 5 hours then room temperature for 15 hours, 2% NaOH at 60oC for 5 hours then room temperature for 15 hours, 2M HCl at 60oC for 5 hours then washed in deionised water.",A,,
USG22,1997,Pearson,,ag,"25 49'48""","134 11'54""",134.198333,-25.83,Umbeara Station (NT),UNSW,-300,50,OZA970,1,AMS,SCAT,SCAT,-25,"Crushed, sieved particles greater than 0.2mm retained. For larger samples fibrous materials removed for dating.  For smaller samples all sieve material used.","AAA treatment: 2M HCl at 60oC for 5 hours then room temperature for 15 hours, 2% NaOH at 60oC for 5 hours then room temperature for 15 hours, 2M HCl at 60oC for 5 hours then washed in deionised water.",A,,
USA131,1997,Pearson,,ag,"25 49'48""","134 11'54""",134.198333,-25.83,Umbeara Station (NT),UNSW,-200,55,OZA972,1,AMS,SCAT,SCAT,-25,"Crushed, sieved particles greater than 0.2mm retained. For larger samples fibrous materials removed for dating.  For smaller samples all sieve material used.","AAA treatment: 2M HCl at 60oC for 5 hours then room temperature for 15 hours, 2% NaOH at 60oC for 5 hours then room temperature for 15 hours, 2M HCl at 60oC for 5 hours then washed in deionised water.",T,,
USA127,1997,Pearson,,ag,"25 49'48""","134 11'54""",134.198333,-25.83,Umbeara Station (NT),UNSW,-610,40,OZA973U,1,AMS,SCAT,SCAT,-25,"Crushed, sieved particles greater than 0.2mm retained. For larger samples fibrous materials removed for dating.  For smaller samples all sieve material used.","AAA treatment: 2M HCl at 60oC for 5 hours then room temperature for 15 hours, 2% NaOH at 60oC for 5 hours then room temperature for 15 hours, 2M HCl at 60oC for 5 hours then washed in deionised water.",M,,
CHC119,1997,Pearson,,5,"27 53' 08""","134 19'02""",134.317222,-27.885556,Copper Hills (SA),UNSW,-1120,50,OZA974,1,AMS,SCAT,SCAT,-25,"Crushed, sieved particles greater than 0.2mm retained. For larger samples fibrous materials removed for dating.  For smaller samples all sieve material used.","AAA treatment: 2M HCl at 60oC for 5 hours then room temperature for 15 hours, 2% NaOH at 60oC for 5 hours then room temperature for 15 hours, 2M HCl at 60oC for 5 hours then washed in deionised water.",T,,
CHC42,1997,Pearson,,5,"27 53' 08""","134 19'02""",134.317222,-27.885556,Copper Hills (SA),UNSW,-1610,50,OZA975U,1,AMS,SCAT,SCAT,-25,"Crushed, sieved particles greater than 0.2mm retained. For larger samples fibrous materials removed for dating.  For smaller samples all sieve material used.","AAA treatment: 2M HCl at 60oC for 5 hours then room temperature for 15 hours, 2% NaOH at 60oC for 5 hours then room temperature for 15 hours, 2M HCl at 60oC for 5 hours then washed in deionised water.",B,,
CHB15,1997,Pearson,,5,"27 53' 08""","134 19'02""",134.317222,-27.885556,Copper Hills (SA),UNSW,-1430,50,OZA976,1,AMS,SCAT,SCAT,-25,"Crushed, sieved particles greater than 0.2mm retained. For larger samples fibrous materials removed for dating.  For smaller samples all sieve material used.","AAA treatment: 2M HCl at 60oC for 5 hours then room temperature for 15 hours, 2% NaOH at 60oC for 5 hours then room temperature for 15 hours, 2M HCl at 60oC for 5 hours then washed in deionised water.",B,,
CHB41,1997,Pearson,,5,"27 53' 08""","134 19'02""",134.317222,-27.885556,Copper Hills (SA),UNSW,-700,95,OZA977,1,AMS,SCAT,SCAT,-25,"Crushed, sieved particles greater than 0.2mm retained. For larger samples fibrous materials removed for dating.  For smaller samples all sieve material used.","AAA treatment: 2M HCl at 60oC for 5 hours then room temperature for 15 hours, 2% NaOH at 60oC for 5 hours then room temperature for 15 hours, 2M HCl at 60oC for 5 hours then washed in deionised water.",T,,
CHA14,1997,Pearson,,5,"27 53' 08""","134 19'02""",134.317222,-27.885556,Copper Hills (SA),UNSW,-1820,40,OZA978U,1,AMS,STICK,STICK,-25,"Soil & dust removed, sample milled and sieved, fragments larger than 0.5mm retained for dating","AAA treatment: 2M HCl at 60oC for 5 hours then room temperature for 15 hours, 2% NaOH at 60oC for 5 hours then room temperature for 15 hours, 2M HCl at 60oC for 5 hours then washed in deionised water.",B,,
CHA42,1997,Pearson,,5,"27 53' 08""","134 19'02""",134.317222,-27.885556,Copper Hills (SA),UNSW,-510,70,OZA979U,1,AMS,SCAT,SCAT,-25,"Crushed, sieved particles greater than 0.2mm retained. For larger samples fibrous materials removed for dating.  For smaller samples all sieve material used.","AAA treatment: 2M HCl at 60oC for 5 hours then room temperature for 15 hours, 2% NaOH at 60oC for 5 hours then room temperature for 15 hours, 2M HCl at 60oC for 5 hours then washed in deionised water.",T,,
CRA9,1997,Pearson,,6,23 30' ,134 30',134.5,-23.5,Cavenagh Range (WA),UNSW,-2400,290,OZA980,1,AMS,SCAT,SCAT,-25,"Crushed, sieved particles greater than 0.2mm retained. For larger samples fibrous materials removed for dating.  For smaller samples all sieve material used.","AAA treatment: 2M HCl at 60oC for 5 hours then room temperature for 15 hours, 2% NaOH at 60oC for 5 hours then room temperature for 15 hours, 2M HCl at 60oC for 5 hours then washed in deionised water.",A,,
GRD12,1997,Pearson,,7,"26 57'11""","133 29'55""",133.498611,-26.953056,Granite Downs (SA),UNSW,-430,35,OZB164,1,AMS,SCAT,SCAT,-25,"Crushed, sieved particles greater than 0.2mm retained. For larger samples fibrous materials removed for dating.  For smaller samples all sieve material used.","AAA treatment: 2M HCl at 60oC for 5 hours then room temperature for 15 hours, 2% NaOH at 60oC for 5 hours then room temperature for 15 hours, 2M HCl at 60oC for 5 hours then washed in deionised water.",A,,
USL7,1997,Pearson,,ag,"25 49'48""","134 11'54""",134.198333,-25.83,Umbeara Station (NT),UNSW,-360,75,OZB165,1,AMS,SCAT,SCAT,-25,"Crushed, sieved particles greater than 0.2mm retained. For larger samples fibrous materials removed for dating.  For smaller samples all sieve material used.","AAA treatment: 2M HCl at 60oC for 5 hours then room temperature for 15 hours, 2% NaOH at 60oC for 5 hours then room temperature for 15 hours, 2M HCl at 60oC for 5 hours then washed in deionised water.",A,,
CAA04,1997,Pearson,,4,"26 09'30""","127 54'48""",127.913333,-26.158333,Corroboree Rock (NT),UNSW,-3430,50,OZB168U,1,AMS,AMBERAT,AMBERAT,-25,,,A,,
MO1,1993,Pearson & Dodson,,ab,30 30',119 40',119.6666667,-30.5,Bungalbin Hill (WA),UNSW,-1480,140,BETA-30954,,Conventional,PLANT FRAGMENTS,PLANT FRAGMENTS,-25,,,A,,
M0505,1993,Pearson & Dodson,,ac,25 03',124 59',124.983333,-25.05,"Young Range, Gibson Desert (WA)",UNSW,-710,80,BETA-30955,,Conventional,PLANT FRAGMENTS,PLANT FRAGMENTS,-25,,,B,,
M06,1993,Pearson & Dodson,,ac,25 03',124 59',124.983333,-25.05,"Young Range, Gibson Desert (WA)",UNSW,-1150,100,BETA-30956,,Conventional,PLANT FRAGMENTS,PLANT FRAGMENTS,-25,,,B,,
M07,1993,Pearson & Dodson,,ac,25 03',124 59',124.983333,-25.05,"Young Range, Gibson Desert (WA)",UNSW,-900,90,BETA-30957,,Conventional,SCAT,SCAT,-25,,,M,,
M07,1993,Pearson & Dodson,,ac,25 03',124 59',124.983333,-25.05,"Young Range, Gibson Desert (WA)",UNSW,-300,90,BETA-30958,,Conventional,PLANT FRAGMENTS,PLANT FRAGMENTS,-25,,,T,,
M05170b,1993,Pearson & Dodson,,ac,25 03',124 59',124.983333,-25.05,"Young Range, Gibson Desert (WA)",UNSW,-800,80,BETA-68230,,Conventional,PLANT FRAGMENTS,PLANT FRAGMENTS,-25,,,A,,
M0652,1993,Pearson & Dodson,,ac,25 03',124 59',124.983333,-25.05,"Young Range, Gibson Desert (WA)",UNSW,-900,45,OZA167U,1,AMS,SCAT,SCAT,-25,,,A,,
M0236,1993,Pearson & Dodson,,ab, 30 30' ,119 40',119.666667,-30.5,Bungalbin Hill (WA),UNSW,-340,55,OZB166,1,AMS,SCAT,SCAT,-25,"Crushed, sieved particles greater than 0.2mm retained. For larger samples fibrous materials removed for dating.  For smaller samples all sieve material used.","AAA treatment: 2M HCl at 60oC for 5 hours then room temperature for 15 hours, 2% NaOH at 60oC for 5 hours then room temperature for 15 hours, 2M HCl at 60oC for 5 hours then washed in deionised water.",B,,
GH1 (base),1996,Allen,,3,31 04'00'',142 34'00'',142.6,-31.166667,Gap Range (NSW),UoW,-220,70,BETA-59077,,Conventional,WOOD,WOOD,,,,B,,
GH1 (top),1996,Allen,,3,31 04'00'',142 34'00'',142.6,-31.166667,Gap Range (NSW),UoW,-310,70,BETA-59078,,Conventional,ORGANICS,PLANT FRAGMENTS,,,,T,,
GH4 (base),1996,Allen,,3,31 04'00'',142 34'00'',142.6,-31.166667,Gap Range (NSW),UoW,-510,70,BETA-59079,,Conventional,ORGANICS,PLANT FRAGMENTS,,,,B,,
GH4 (top),1996,Allen,,3,31 04'00,142 34'00,142.566667,-31.066667,Gap Range (NSW),UoW,-460,90,BETA-59080,,Conventional,ORGANICS,PLANT FRAGMENTS,,,,T,,
GH8 (front),1996,Allen,,3,31 04'00'',142 34'00'',142.6,-31.166667,Gap Range (NSW),UoW,-2680,60,BETA-80610,,Conventional,AMBERAT,AMBERAT,,,,T,,
GH2,1996,Allen,,3,31 04'00'',142 34'00'',142.6,-31.166667,Gap Range (NSW),UoW,-280,40,BETA-86305,,AMS,WOOD,WOOD,,,,,,
GH5 (I),1996,Allen,,3,31 04'00'',142 34'00'',142.6,-31.166667,Gap Range (NSW),UoW,-270,40,BETA-86306,,AMS,SCATS,SCATS,,,,,,
GH5 (II),1996,Allen,,3,31 04'00'',142 34'00'',142.6,-31.166667,Gap Range (NSW),UoW,-530,80,BETA-86307,,Conventional,WOOD,WOOD,,,,,,
GH6 (top),1996,Allen,,3,31 04'00,142 34'00',142.566667,-31.066667,Gap Range (NSW),UoW,-3040,70,BETA-89606,,Conventional,AMBERAT,AMBERAT,,,,T,,
C7,1996,Allen,,3,30 52'00',142 36'00',142.6,-30.866667,Coturaundee Ranges (NSW),UoW,-780,80,BETA-89607,,Conventional,WOOD,WOOD,,,,,,
C8 (front left),1996,Allen,,3,30 52'00',142 36'00',142.6,-30.866667,Coturaundee Ranges (NSW),UoW,-380,60,BETA-89608,,Conventional,AMBERAT,AMBERAT,,,,A,,
GH E1,1996,Allen,,3,31 04'00,142 34'00',142.566667,-31.066667,Gap Range (NSW),UoW,-5710,90,BETA-89609,,Conventional,GRASS/WOOD,PLANT FRAGMENTS,,,,,,
GH E3 (I),1996,Allen,,3,31 04'00,142 34'00',142.566667,-31.066667,Gap Range (NSW),UoW,-6360,100,BETA-89611,,Conventional,GRASS/WOOD,PLANT FRAGMENTS,,,,,,
GH E5 (II) lower left,1996,Allen,,3,31 04'00,142 34'00',142.566667,-31.066667,Gap Range (NSW),UoW,-3430,70,BETA-89612,,AMS,GRASS,GRASS,,,,B,,
GH E2,1996,Allen,,3,31 04'00,142 34'00',142.566667,-31.066667,Gap Range (NSW),UoW,-5240,90,BETA-91807,,Conventional,GRASS/WOOD,PLANT FRAGMENTS,,,,,,
GH E3 (III),1996,Allen,,3,31 04'00,142 34'00',142.566667,-31.066667,Gap Range (NSW),UoW,-6520,50,BETA-91808,,AMS,CASUARINA CLADODES,LEAF,,,,,,
GH E3 (II),1996,Allen,,3,31 04'00,142 34'00',142.566667,-31.066667,Gap Range (NSW),UoW,-6470,60,BETA-91809,,AMS,SCATS,SCATS,,,,,,
GH E4,1996,Allen,,3,31 04'00,142 34'00',142.566667,-31.066667,Gap Range (NSW),UoW,-5340,90,BETA-91810,,Conventional,GRASS/WOOD,PLANT FRAGMENTS,,,,,,
GH E5 (I),1996,Allen,,3,31 04'00,142 34'00',142.566667,-31.066667,Gap Range (NSW),UoW,-1380,60,BETA-91811,,AMS,SCATS,SCATS,,,,,,
GH3 (ii),1996,Allen,,3,31 04'00,142 34'00',142.566667,-31.066667,Gap Range (NSW),UoW,-1300,40,OZA312U,1,AMS,WOOD,WOOD,,,,A,,
GH3 (I),1996,Allen,,3,31 04'00,142 34'00',142.566667,-31.066667,Gap Range (NSW),UoW,-1000,70,OZA313U,1,AMS,TWIG,WOOD,-24.6,,,A,,
GAP RANGE E (GHE) LOWER RIGHT,1997,Allen,,3,31 04'00,142 34'00',142.566667,-31.066667,Gap Range (NSW),UoW,-6360,100,BETA-89613,,Conventional,GRASS,GRASS,,,,B,,
GH6 (base),1997,Allen,,3,31 04'00,142 34'00',142.566667,-31.066667,Gap Range (NSW),UoW,-2960,100,BETA-97075,,Conventional,AMBERAT RESIDUE,AMBERAT,,,,B,,
SAJQ77,1996,McCarthy et al,,1,30 20',139 20',139.333333,-30.333333,"Griselda Hill, NE face (SA)",UoW,-1920,110,ANU7753,,Conventional,PLANT FRAGMENTS,PLANT FRAGMENTS,-24,,,A,,
SAJQ79,1996,McCarthy et al,,1,30 20',139 20',139.333333,-30.333333,"Griselda Hill, NE face (SA)",UoW,-8820,150,ANU7754,,Conventional,PLANT FRAGMENTS,PLANT FRAGMENTS,-24,,,A,,
SAJQ85R(base),1996,McCarthy et al,,1,"30 58'00"""," 139 20'00""",139.333333,-30.966667,Mount Chambers (SA),UoW,-10870,80,ANU8109,,Conventional,PLANT FRAGMENTS & SCAT,PLANT FRAGMENTS,-20,,,M,,
SAJQ85L,1996,McCarthy et al,,1,"30 58'00"""," 139 20'00""",139.333333,-30.966667,Mount Chambers (SA),UoW,-9420,80,ANU8110,,Conventional,PLANT FRAGMENTS & SCAT,PLANT FRAGMENTS,-20,,,N,,
SAJQ78,1996,McCarthy et al,,1,30 20',139 20',139.333333,-30.333333,"Griselda Hill, NE face (SA)",UoW,-6380,70,ANU8136,,Conventional,PLANT FRAGMENTS,PLANT FRAGMENTS,-12,,,A,,
SAJQ85R(base),1996,McCarthy et al,,1,"30 58'00"""," 139 20'00""",139.333333,-30.966667,Mount Chambers (SA),UoW,-9060,70,ANU8137,,Conventional,AMBERAT,AMBERAT,-27,,,B,,
SAJQ89,1996,McCarthy et al,,1,"30 58'00"""," 139 20'00""",139.333333,-30.966667,Chambers Gorge (SA),UoW,-5340,70,ANU8139,,Conventional,PLANT FRAGMENTS,PLANT FRAGMENTS,-25,,,A,,
SAJQ91,1996,McCarthy et al,,1,30 20',139 20',139.333333,-30.333333,,UoW,-1300,80,ANU8140,,Conventional,PLANT FRAGMENTS,PLANT FRAGMENTS,-27,,,A,,
SAJQ76,1996,McCarthy et al,,1,30 20',139 20',139.333333,-30.333333,"Griselda Hill, SW face (SA)",UoW,-1000,70,BETA-62204,,?,PLANT FRAGMENTS,PLANT FRAGMENTS,-25,,,A,,
SAJQ92,1996,McCarthy et al,,1,30 20',139 20',139.333333,-30.333333,,UoW,-630,100,BETA-62205,,?,PLANT FRAGMENTS,PLANT FRAGMENTS,-25,,,A,,
QUADE et al 1991,1991,Quade et al,,1,,,,,,UoW,-10870,80,BETA-67214 ,,?,"GRASS, ","GRASS, ",-25,,,M,,
SAJQ85L,,,,1,"30 58'00"""," 139 20'00""",139.333333,-30.966667,Mount Chambers (SA),UoW,-10630,100,ANU8138,,Conventional,AMBERAT,AMBERAT,-24,,,B,,
BR1 (top),,,,1,31 21'00'',138 33'00''   ,138.55,-31.35,Brachina Gorge (SA),UoW,-7400,90,BETA-8108,,AMS,SCAT,SCAT,,,,T,,
BR1 (base),,,,1,31 21'00'',138 33'00''   ,138.55,-31.35,Brachina Gorge (SA),UoW,-7310,90,BETA-81090,,AMS,SCAT,SCAT,,,,B,,
BR4 (10cm),,,,1,31 21'00'',138 33'00''   ,138.55,-31.35,Brachina Gorge (SA),UoW,-6930,80,BETA-81091,,AMS,SCAT,SCAT,,,,,,
BR4 (60cm),,,,1,31 21'00'',138 33'00''   ,138.55,-31.35,Brachina Gorge (SA),UoW,-7720,90,BETA-81092,,AMS,SCAT,SCAT,,,,,,
BR4 (20cm),,,,1,31 21'00'',138 33'00''   ,138.55,-31.35,Brachina Gorge (SA),UoW,-6520,50,BETA-87299,,AMS,LEAF,LEAF,,,,,,
BR4 (30cm),,,,1,31 21'00'',138 33'00''   ,138.55,-31.35,Brachina Gorge (SA),UoW,-6580,60,BETA-87300,,AMS,LEAF,LEAF,,,,,,
BR4 (40cm),,,,1,31 21'00'',138 33'00''   ,138.55,-31.35,Brachina Gorge (SA),UoW,-6880,50,BETA-87301,,AMS,LEAF,LEAF,,,,,,
BR4 (50cm),,,,1,31 21'00'',138 33'00''   ,138.55,-31.35,Brachina Gorge (SA),UoW,-6920,50,BETA-87302,,AMS,LEAF,LEAF,,,,,,
BRACHINA 1 GORGE,,,,1,31 21'00'',138 33'00'',138.55,-31.35,Brachina Gorge (SA),UoW,-2430,70,OZA308U,1,AMS,PLANT FRAGMENTS,PLANT FRAGMENTS,-23.6,,,,,
BRACHINA 2,,,,1,31 21'00'',138 33'00'',138.55,-31.35,Brachina Gorge (SA),UoW,-2950,200,OZA309,1,AMS,,?,-25,,,,,
SAJQ/79ii,,,,1,30 20',139 20',139.333333,-30.333333,"Griselda Hill, NE face (SA)",UoW,-6472,163,OZA31?,1,AMS,LEAF,LEAF,-27,,,A,,
EYRIE 2,,,,1,,,,,,UoW,-1600,50,OZA310U,1,AMS,,>,-25,,,,,
EYRIE CAVE 2,,,,1,,,,,,UoW,-961,145,OZA311,1,AMS,PLANT FRAGMENTS,PLANT FRAGMENTS,-24.6,,,,,
SAJQ/79i,,,,1,30 20',139 20',139.333333,-30.333333,"Griselda Hill, NE face (SA)",UoW,-5540,110,OZA315,1,AMS,LEAF,LEAF,-27,,,A,,
SAJQ/79ii,,,,1,30 20',139 20',139.333333,-30.333333,"Griselda Hill, NE face (SA)",UoW,-7200,220,OZA316U,1,AMS,SCAT,SCAT,-25,,,N,,
SAJQ/85Li,,,,1,30 20',139 20',139.333333,-30.333333,Mount Chambers (SA),UoW,-10550,460,OZA317,1,AMS,PLANT FRAGMENTS,PLANT FRAGMENTS,-24,,,N,,
SAJQ85R,,,,1,"30 58'00"""," 139 20'00""",139.333333,-30.966667,Mount Chambers (SA),UoW,-10900,90,OZA318,1,AMS,SCATS,SCATS,-25,,,,,
SAJQ/85Lii,,,,1,30 20',139 20',139.333333,-30.333333,Mount Chambers (SA),UoW,-11950,320,OZA318U,1,AMS,SCATS,SCATS,-25,,,N,,deleted by Lawson
SAJQ/85Rii,,,,1,30 20',139 20',139.333333,-30.333333,Mount Chambers (SA),UoW,-9473,319,OZA319,1,AMS,GRASS,GRASS,-25,,,N,,
BR1 (base),,,,1,31 21'00'',138 33'00'',138.55,-31.35,Brachina Gorge (SA),UoW,-6710,80,OZB291,1,AMS,LEAF,LEAF,,,,B,,
BR1 (top),,,,1,31 21'00'',138 33'00'',138.55,-31.35,Brachina Gorge (SA),UoW,-6800,70,OZB292,1,AMS,LEAF,LEAF,,,,T,,
BR3 (base),,,,1,31 21'00'',138 33'00'',138.55,-31.35,Brachina Gorge (SA),UoW,-3640,70,OZB293,1,AMS,SCAT,SCAT,,,,B,,
BR4 (10cm),,,,1,31 21'00'',138 33'00'',138.55,-31.35,Brachina Gorge (SA),UoW,-5690,70,OZB294,1,AMS,SCAT,SCAT,,,,,,
BR4 (10cm),,,,1,31 21'00'',138 33'00'',138.55,-31.35,Brachina Gorge (SA),UoW,-6290,190,OZB295,1,AMS,LEAF,LEAF,,,,,,
BR4 (60cm),,,,1,31 21'00'',138 33'00'',138.55,-31.35,Brachina Gorge (SA),UoW,-6610,90,OZB296,1,AMS,SCAT,SCAT,,,,,,
BR4 (60cm),,,,1,31 21'00'',138 33'00'',138.55,-31.35,Brachina Gorge (SA),UoW,-6650,80,OZB297,1,AMS,LEAF,LEAF,,,,,,
BR3 (base),,,,1,31 21'00'',138 33'00'',138.55,-31.35,Brachina Gorge (SA),UoW,-3690,180,OZB298,1,AMS,LEAF,LEAF,,,,B,,
BR3 (top),,,,1,31 21'00'',138 33'00'',138.55,-31.35,Brachina Gorge (SA),UoW,-3570,120,OZB299,1,AMS,LEAF,LEAF,,,,T,,
BR3 (top),,,,1,31 21'00'',138 33'00'',138.55,-31.35,Brachina Gorge (SA),UoW,-3790,90,OZB300,1,AMS,SCAT,SCAT,,,,T,,
HH1 top,,,,1,30 04'00'',142 34'00'',142.566667,-30.066667,Arkaroola-Mt Painter (SA),UoW,-590,45,OZC040,1,AMS,SCAT,SCAT,,,,T,,
HH1 base,,,,1,29 04'00'',141 34'00'',142.566667,-30.066667,Arkaroola-Mt Painter (SA),UoW,-770,70,OZC041,1,AMS,SCAT,SCAT,-27.2,,,B,,
RC3 top,,,,1,31 04'00'',143 34'00'',142.6,-31.166667,Arkaroola-Mt Painter (SA),UoW,-420,50,OZC042,1,AMS,LEAF,LEAF,-27.4,,,T,,
RC3 base,,,,1,30 04'00'',142 34'00'',142.566667,-30.066667,Arkaroola-Mt Painter (SA),UoW,-450,60,OZC043,1,AMS,LEAF,LEAF,-26.3,,,B,,
ARK1,,,,1,30 04'00'',142 34'00'',142.566667,-30.066667,Arkaroola-Mt Painter (SA),UoW,-620,55,OZC044,1,AMS,LEAF,LEAF,-27.5,,,,,
ARK1,,,,1,30 04'00'',142 34'00'',142.566667,-30.066667,Arkaroola-Mt Painter (SA),UoW,-470,65,OZC045,1,AMS,SCAT,SCAT,-24.1,,,,,
RC 1,,,,1,30 04'00'',142 34'00'',142.566667,-30.066667,Arkaroola-Mt Painter (SA),UoW,-4350,60,OZC046,1,AMS,SCAT,SCAT,-24.2,,,,,
BR7 (base),,,,1,31 21'00'',138 33'00'',138.55,-31.35,Brachina Gorge (SA),UoW,-5790,80,OZC047,1,AMS,SCAT,SCAT,-26.5,,,B,,
NWCK 1,,,,1,30 04'00'',142 34'00'',142.566667,-30.066667,Arkaroola-Mt Painter (SA),UoW,-560,60,OZC048,1,AMS,SCAT,SCAT,-19.4,,,,,
BR2 (middle),,,,1,31 21'00'',138 33'00'',138.55,-31.35,Brachina Gorge (SA),UoW,-5020,70,OZC049,1,AMS,SCAT,SCAT,-27.8,,,A,,
MC2 (top),,,,1,30 58'00'',139 16'00'',139.333333,-30.966667,Mount Chambers Gorge (SA),UoW,-385,140,OZC614,1,AMS,LEAF,LEAF,,,,T,,
MD3,,,,1,30 58'00'',139 16'00'',139.333333,-30.966667,Mount Chambers Gorge (SA),UoW,-7260,100,OZC615U2,1,AMS,SCAT,SCAT,,,,,,
OT1,,,,1,30 04'00'',142 34'00'',142.566667,-30.066667,Arkaroola-Mt Painter (SA),UoW,-880,75,OZC616,1,AMS,LEAF,LEAF,,,,,,
NWCK 2,,,,1,30 04'00'',142 34'00'',142.566667,-30.066667,Arkaroola-Mt Painter (SA),UoW,-3670,70,OZC617U2,1,AMS,SCAT,SCAT,,,,,,
RC 2,,,,1,30 04'00'',142 34'00'',142.566667,-30.066667,Arkaroola-Mt Painter (SA),UoW,-2430,80,OZC618,1,AMS,SCAT,SCAT,,,,,,
CG1,,,,1,30 58'00'',139 16'00'',139.333333,-30.966667,Mount Chambers Gorge (SA),UoW,-470,130,OZC619,1,AMS,SCAT,SCAT,,,,,,
MC1 (centre),,,,1,30 58'00'',139 16'00'',139.333333,-30.966667,Mount Chambers Gorge (SA),UoW,-1280,70,OZC620,1,AMS,SCAT,SCAT,,,,,,
OT1,,,,1,30 04'00'',142 34'00'',142.566667,-30.066667,Arkaroola-Mt Painter (SA),UoW,-880,150,OZC621U1,1,AMS,SCAT,SCAT,,,,,,
MC2 (top),,,,1,30 58'00'',139 16'00'',139.333333,-30.966667,Mount Chambers Gorge (SA),UoW,-230,105,OZC622U1,1,AMS,SCAT,SCAT,,,,T,,
MC2 (overhang),,,,1,30 58'00'',139 16'00'',139.333333,-30.966667,Mount Chambers Gorge (SA),UoW,-590,50,OZC623,1,AMS,LEAF,LEAF,,,,,,
WF,,,,1,30 04'00'',142 34'00'',142.566667,-30.066667,Arkaroola-Mt Painter (SA),UoW,0,,OZC624,1,AMS,SEEDS,SEEDS,,,,,,
MC1 (exposed base),,,,1,30 58'00'',139 16'00'',139.333333,-30.966667,Mount Chambers Gorge (SA),UoW,-410,65,OZC625,1,AMS,SCAT,SCAT,,,,B,,
SAJQ/85Rii,,,,1,30 20',139 20',139.333333,-30.333333,Mount Chambers (SA),UoW,-10850,460,,,?,?,?,,,,,,
HEAD 1993,,,,9,,,,,"Lava Caves western VIC, ",UoW,-400,,,,?,,?,,,,N,,
Green et al (1983),1983,Green et al,sandstone,8,31 10',142 36',142.6,-31.166667,,,-1840,100,ANU2385,,Conventional,CHARCOAL,CHARCOAL,,,,A,,
