Species,Identifier,Longitude,Latitude,Site
Leporillus apicalis,12575,142.183326,-34.166670,
Leporillus apicalis,12644,129.916660,-31.500004,
Leporillus apicalis,12659,139.283329,-30.966670,
Leporillus apicalis,12661,138.366661,-30.583334,
Leporillus apicalis,12674,132.166661,-30.866670,
Leporillus apicalis,12678,125.883326,-32.216670,
Leporillus apicalis,12684,136.166660,-33.433340,
Leporillus apicalis,12688,142.166664,-34.183342,
Leporillus apicalis,12695,127.433326,-31.650001,
Leporillus apicalis,12700,130.666663,-26.616673,
Leporillus apicalis,12713,126.033329,-32.066675,
Leporillus apicalis,12715,126.183333,-32.100000,
Leporillus apicalis,12716,127.799996,-31.766670,
Leporillus apicalis,12718,127.716661,-31.833335,
Leporillus apicalis,12721,127.433326,-31.650001,
Leporillus apicalis,12723,127.016661,-31.583339,
Leporillus apicalis,12725,126.733326,-31.850008,
Leporillus apicalis,12727,127.033325,-31.966673,
Leporillus apicalis,12738,125.916666,-31.966670,
Leporillus apicalis,12743,128.483324,-31.666673,
Leporillus apicalis,12747,127.183330,-31.433337,
Leporillus apicalis,12750,127.716661,-31.683341,
Leporillus apicalis,12753,128.483332,-31.716674,
Leporillus apicalis,12755,128.483329,-31.700001,
Leporillus apicalis,12757,129.099999,-31.533337,
Leporillus apicalis,12759,129.033330,-31.683342,
Leporillus apicalis,12762,128.749990,-31.066675,
Leporillus apicalis,12768,127.799994,-31.775005,
Leporillus apicalis,12781,127.799996,-31.766670,
Leporillus apicalis,12783,128.483332,-31.650001,
Leporillus apicalis,12785,127.033329,-31.983341,
Leporillus apicalis,12788,126.033327,-32.050003,
Leporillus apicalis,13233,125.933331,-25.766668,
Leporillus apicalis,13234,126.033327,-26.516675,
Leporillus apicalis,13235,125.866665,-26.600004,
Leporillus apicalis,13236,126.449998,-26.700006,
Leporillus apicalis,105480,129.932924,-26.893581,
Leporillus apicalis,A SOOS,134.33,-23.66,
Leporillus apicalis,A SOOS,134.43,-23.63,
Leporillus apicalis,AJ BRIDGES,134.73,-23.44,
Leporillus apicalis,Baynes & Jones (1993),114,-22.217,"Unnamed cave, Cape Range"
Leporillus apicalis,Baynes & Jones (1993),113.983,-22.2,"Two Hundred Cave, Cape Range"
Leporillus apicalis,Baynes & Jones (1993),113.983,-22.183,"Owl Roost Cave, Cape Range"
Leporillus apicalis,Baynes & Jones (1993),114,-22.133,"Unnamed cave, Cape Range"
Leporillus apicalis,Baynes & Jones (1993),114.033,-22.017,"Unnamed cave, Cape Range"
Leporillus apicalis,Baynes (1979),115.0914,-30.0853,"Hastings Cave, Jurien, northern Swan Coastal Plain"
Leporillus apicalis,Baynes (1984),117.7,-26.917,"Wilgie Mia ochre mine, Murchison"
Leporillus apicalis,Baynes (2000),116.767,-29.2,"Breakaway behind arch, Karara Station"
Leporillus apicalis,Baynes (2000),115.583,-29.083,Rockshelter on Merkanooka Stn
Leporillus apicalis,Baynes (2000),117.1847,-28.1333,Breakaway in Narring Range
Leporillus apicalis,Baynes (2000),116.433,-27.367,Breakaways on Murgoo Stn
Leporillus apicalis,Baynes (2000a),113.683,-26.6,Baba Head (Shark Bay)
Leporillus apicalis,Baynes (2000a),113.3,-26.4,False Entrance Well (Shark Bay)
Leporillus apicalis,Baynes (2000a),113.3731,-26.2111,Heirisson Prong (Shark Bay)
Leporillus apicalis,Baynes (2000a),114.283,-25.983,Bluffs near Yaringa lookout
Leporillus apicalis,Baynes (2000a),113.5847,-25.6431,"Herald Bluff, Peron Peninsula (Shark Bay)"
Leporillus apicalis,Baynes (2000a),113.5772,-25.6406,"Herald Bluff, Peron Peninsula (Shark Bay)"
Leporillus apicalis,Baynes (2000a),115.1439,-25.3542,Breakaway on Winderie Stn
Leporillus apicalis,Baynes (2000a),115.355,-24.7633,"Mesa near Tabletop Well, Gascoyne"
Leporillus apicalis,Baynes (2000a),113.4331,-24.1156,Coastal cliffs 13.0 km NE of Cape Cuvier
Leporillus apicalis,Baynes (2000a),113.808,-23.1094,Breakaway 0.8 km SE of Cardabia Hstd
Leporillus apicalis,Baynes (2000b),113.76692,-26.23905,Goulet Bluff 8 (Shark Bay)
Leporillus apicalis,Baynes (2000b),113.74819,-26.23372,Goulet Bluff 7 (Shark Bay)
Leporillus apicalis,Baynes (2000b),113.68575,-26.19272,Goulet Bluff 3 (Shark Bay)
Leporillus apicalis,Baynes (2000b),113.56638,-26.00364,10 km blowout (Shark Bay)
Leporillus apicalis,Baynes (2000b),113.6583,-25.7556,Cape Rose 3 (Shark Bay)
Leporillus apicalis,Baynes (2000b),113.65933,-25.75506,Cape Rose 2 (Shark Bay)
Leporillus apicalis,Baynes (2000b),113.41336,-25.72533,Cape Lesueur 1 (Shark Bay)
Leporillus apicalis,Baynes (2003a),118.2878,-29.6817,Bimbijy Station tree (Yalgoo IBRA Region)
Leporillus apicalis,Baynes (2003a),118.1147,-29.6147,Bimbijy Station (Yalgoo IBRA Region)
Leporillus apicalis,Baynes (2003a),117.3278,-29.0583,Pinyalling Range (Yalgoo IBRA Region)
Leporillus apicalis,Baynes (2003a),116.9583,-28.7344,Gnows Nest Range (Yalgoo IBRA Region)
Leporillus apicalis,Baynes (2003a),115.6197,-28.1169,Tallering Hill (Yalgoo IBRA Region)
Leporillus apicalis,Baynes (2003a),115.6589,-28.0942,Tallering 'gorge' (Yalgoo IBRA Region)
Leporillus apicalis,Baynes (2003b),117.3814,-29.7717,Red Hand Site (Mt Gibson Station)
Leporillus apicalis,Baynes (2003b),117.2589,-29.5775,Beanthiny Hill (Mt Gibson Station)
Leporillus apicalis,Baynes (2003b),117.3844,-29.5661,Mesa cave 1 (Mt Gibson Station)
Leporillus apicalis,Baynes (2007),113.8814,-26.3542,Nanga 7 (Shark Bay)
Leporillus apicalis,Baynes (2007),113.8758,-26.3275,Nanga 10 (Shark Bay)
Leporillus apicalis,Baynes (2007),113.875,-26.3267,Nanga 9 (Shark Bay)
Leporillus apicalis,Baynes (2007),113.8739,-26.325,Nanga 8 (Shark Bay)
Leporillus apicalis,Baynes (2007),113.8633,-26.3078,Nanga 5 (Shark Bay)
Leporillus apicalis,Baynes (2007),113.8614,-26.3061,Nanga 6 (Shark Bay)
Leporillus apicalis,Baynes (2007),113.8933,-26.0406,Nanga 3 (Shark Bay)
Leporillus apicalis,Baynes (2007),113.9128,-25.9836,Nanga 1 (Shark Bay)
Leporillus apicalis,Baynes et al. (2019),114.0958,-21.9969,"Quarry Cave, Cape Range"
Leporillus apicalis,"Bowdler (1995), Baynes (2000a)",113.667,-25.783,"Monkey Mia, Peron Peninsula (Shark Bay)"
Leporillus apicalis,D MATTHEWS,131.03,-25.35,
Leporillus apicalis,D MATTHEWS,131.03,-25.35,
Leporillus apicalis,Dennis Matthews,131.03,-25.35,
Leporillus apicalis,Dennis Matthews,131.03,-25.35,
Leporillus apicalis,DF GIBSON,135.75,-24.56,
Leporillus apicalis,DF GIBSON,137.16,-23.85,
Leporillus apicalis,DF GIBSON,137.18,-23.83,
Leporillus apicalis,DG LANGFORD,131.31,-23.83,
Leporillus apicalis,DG LANGFORD,130.83,-23.8,
Leporillus apicalis,GJ FYFE,133.97,-23.74,
Leporillus apicalis,GJ FYFE,133.89,-23.64,
Leporillus apicalis,Jeff Cole,137.25,-22,
Leporillus apicalis,Jeff Cole,137.25,-22,
Leporillus apicalis,Jeff Cole,137.32,-22,
Leporillus apicalis,K LEHMANN,133.41,-24.03,
Leporillus apicalis,KA JOHNSON,134.8,-23.7,
Leporillus apicalis,KA JOHNSON,135.01,-23.56,
Leporillus apicalis,LOW STRONG,135.08,-22.78,
Leporillus apicalis,LOW STRONG,134.88,-22.35,
Leporillus apicalis,MJ FREEMAN,133.9,-25.98,
Leporillus apicalis,MJ FREEMAN,133.86,-25.96,
Leporillus apicalis,Monks (2018),115.133,-29.817,"Yellabidde Cave, northern Swan Coastal Plain"
Leporillus apicalis,Turpin et al. (in prep.),124.592288,-29.555665,40. Duck Egg cave 1
Leporillus apicalis,Turpin et al. (in prep.),124.740483,-29.333475,42. Sydney Simpson Cliffs 1
Leporillus apicalis,Turpin et al. (in prep.),124.578989,-29.331603,41. South Rock cave 1
Leporillus apicalis,Turpin et al. (in prep.),124.52208,-29.218396,36. Big Nest cave
Leporillus apicalis,Turpin et al. (in prep.),124.481407,-29.178021,33. Possum Cave 3
Leporillus apicalis,Turpin et al. (in prep.),124.479105,-29.176756,35a. Possum Cave 5.1
Leporillus apicalis,Turpin et al. (in prep.),124.639333,-29.131335,29b. Bartlett South 4
Leporillus apicalis,Turpin et al. (in prep.),124.602681,-29.090078,21. Bartlett Bluff 1
Leporillus apicalis,Turpin et al. (in prep.),124.602512,-29.087849,22. Bartlett Bluff 2
Leporillus apicalis,Turpin et al. (in prep.),124.619761,-29.087664,23. Bartlett Bluff 3
Leporillus apicalis,Turpin et al. (in prep.),122.706531,-28.280593,1. Giles Breakaway 1
Leporillus apicalis,Turpin et al. (in prep.),126.155233,-27.621919,77. Point Sandercock 2
Leporillus apicalis,Turpin et al. (in prep.),126.44278,-27.235,73. Ryans Bluff 2
Leporillus apicalis,Turpin et al. (in prep.),126.468055,-27.215277,61. Breakaways S of Point Wood
Leporillus apicalis,Turpin et al. (in prep.),126.374272,-27.060558,58. Faulkner Hill 1.1
Leporillus apicalis,Turpin et al. (in prep.),126.362217,-27.06015,59. Faulkner Hill 2
Leporillus apicalis,Turpin et al. (in prep.),124.468431,-26.904491,45. Breaden Bluff 1
Leporillus apicalis,Turpin et al. (in prep.),125.654977,-26.834645,50. Manunda Breakaway 1
Leporillus apicalis,Turpin et al. (in prep.),124.36652,-26.76583,44. Empress Spring 1
Leporillus apicalis,Turpin et al. (in prep.),126.451388,-26.695833,54. Manton Knob breakaways
Leporillus apicalis,Turpin et al. (in prep.),126.454166,-26.693055,55. Manton Knob breakaways
Leporillus apicalis,Turpin et al. (in prep.),125.855984,-26.598354,53a. Breakaway NW of Gahnda
Leporillus apicalis,Turpin et al. (in prep.),125.8625,-26.595833,52. Breakaway NW of Gahnda
Leporillus apicalis,,119.7053,-30.3606,Bungalbin Range
Leporillus apicalis,,121.6314,-29.5133,Dead tree 14.3 km WSW Yerilla homestead
Leporillus apicalis,,119.3719,-29.3761,"Hole in cliff, Diemals Station"
Leporillus apicalis,,126.432,-27.159,Breakaways east of Hanns Tabletop Hill
Leporillus apicalis,,126.029,-26.515,Cave near Winduldurra Rockhole
Leporillus apicalis,,121.054,-26.413,"Herberts Rockhole breakaways, Millrose Station"
Leporillus apicalis,,118.35,-26.333,Breakaway beside Mt Padbury-Meekatharra road
Leporillus apicalis,,124.429,-25.426,Mount Johnson south
Leporillus apicalis,,117.765,-25.071,"Cave in Sawback Range, Gascoyne"
Leporillus apicalis,,124.976,-25.043,Young Range
Leporillus apicalis,,119.6,-24.033,"Breakaways by track to hstd, Bulloo Downs Stn"
Leporillus apicalis,,117.617,-23.55,Small breakaway SE of Mt Elephant
Leporillus apicalis,,120.3017,28.1261,"White Cloud Cliffs, Pinnacles Station"
,,,,
